[2026-08-15T15:39:48.999Z] Starting dev server with command: pnpm run dev
[2026-08-15T15:39:50.228Z] > app-template@1.0.0 dev /home/ubuntu/android-chat-app
[2026-08-15T15:39:50.228Z] > concurrently -k "pnpm dev:server" "pnpm dev:metro"
[2026-08-15T15:39:50.934Z] [1]
[2026-08-15T15:39:50.934Z] [1] > app-template@1.0.0 dev:metro /home/ubuntu/android-chat-app
[2026-08-15T15:39:50.934Z] [1] > cross-env EXPO_USE_METRO_WORKSPACE_ROOT=1 npx expo start --web --port ${EXPO_PORT:-8081}
[2026-08-15T15:39:50.934Z] [1]
[2026-08-15T15:39:50.935Z] [0]
[2026-08-15T15:39:50.935Z] [0] > app-template@1.0.0 dev:server /home/ubuntu/android-chat-app
[2026-08-15T15:39:50.935Z] [0] > cross-env NODE_ENV=development tsx watch server/_core/index.ts
[2026-08-15T15:39:50.935Z] [0]
[2026-08-15T15:39:51.887Z] [1] Starting project at /home/ubuntu/android-chat-app
[2026-08-15T15:39:52.322Z] [1] EXPO_USE_METRO_WORKSPACE_ROOT is enabled by default, use EXPO_NO_METRO_WORKSPACE_ROOT instead to disable.
[2026-08-15T15:39:52.664Z] [1] EXPO_USE_METRO_WORKSPACE_ROOT is enabled by default, use EXPO_NO_METRO_WORKSPACE_ROOT instead to disable.
[2026-08-15T15:39:52.665Z] [1] EXPO_USE_METRO_WORKSPACE_ROOT is enabled by default, use EXPO_NO_METRO_WORKSPACE_ROOT instead to disable.
[2026-08-15T15:39:52.665Z] [1] EXPO_USE_METRO_WORKSPACE_ROOT is enabled by default, use EXPO_NO_METRO_WORKSPACE_ROOT instead to disable.
[2026-08-15T15:39:52.925Z] [1] React Compiler enabled
[2026-08-15T15:39:53.057Z] [1] Starting Metro Bundler
[2026-08-15T15:39:53.096Z] [1] EXPO_USE_METRO_WORKSPACE_ROOT is enabled by default, use EXPO_NO_METRO_WORKSPACE_ROOT instead to disable.
[2026-08-15T15:39:54.881Z] [0] [OAuth] Initialized with baseURL: https://api.manus.im
[2026-08-15T15:39:55.042Z] [0] [api] server listening on port 3000
[2026-08-15T15:40:01.479Z] [1] The following packages should be updated for best compatibility with the installed expo version:
[2026-08-15T15:40:01.479Z] [1]   expo@54.0.29 - expected version: ~54.0.36
[2026-08-15T15:40:01.479Z] [1]   expo-audio@1.1.0 - expected version: ~1.1.1
[2026-08-15T15:40:01.479Z] [1]   expo-constants@18.0.12 - expected version: ~18.0.13
[2026-08-15T15:40:01.479Z] [1]   expo-font@14.0.10 - expected version: ~14.0.12
[2026-08-15T15:40:01.479Z] [1]   expo-linking@8.0.10 - expected version: ~8.0.12
[2026-08-15T15:40:01.479Z] [1]   expo-notifications@0.32.15 - expected version: ~0.32.17
[2026-08-15T15:40:01.479Z] [1]   expo-router@6.0.19 - expected version: ~6.0.24
[2026-08-15T15:40:01.480Z] [1]   expo-splash-screen@31.0.12 - expected version: ~31.0.13
[2026-08-15T15:40:01.480Z] [1]   expo-video@3.0.15 - expected version: ~3.0.16
[2026-08-15T15:40:01.480Z] [1]   expo-web-browser@15.0.10 - expected version: ~15.0.11
[2026-08-15T15:40:01.480Z] [1] Your project may not work correctly until you install the expected versions of the packages.
[2026-08-15T15:40:01.487Z] [1] Waiting on http://localhost:8081
[2026-08-15T15:40:01.487Z] [1] Logs for your project will appear below.
[2026-08-15T15:40:02.070Z] [1] EXPO_USE_METRO_WORKSPACE_ROOT is enabled by default, use EXPO_NO_METRO_WORKSPACE_ROOT instead to disable.
[2026-08-15T15:40:02.072Z] [1] EXPO_USE_METRO_WORKSPACE_ROOT is enabled by default, use EXPO_NO_METRO_WORKSPACE_ROOT instead to disable.
[2026-08-15T15:40:04.988Z] [1] Web node_modules/expo-router/entry.js ▓▓▓▓▓▓░░░░░░░░░░ 41.3% (24/40)
[2026-08-15T15:40:04.988Z] [1] λ node_modules/expo-router/node/render.js ▓▓▓▓░░░░░░░░░░░░ 27.3% (210/402)
[2026-08-15T15:40:05.797Z] [1] | Browserslist: browsers data (caniuse-lite) is 8 months old. Please run:
[2026-08-15T15:40:05.830Z] [1] |   npx update-browserslist-db@latest
[2026-08-15T15:40:05.830Z] [1] |   Why you should do it regularly: https://github.com/browserslist/update-db#readme
[2026-08-15T15:40:08.489Z] [1] Web node_modules/expo-router/entry.js ▓▓▓▓▓▓░░░░░░░░░░ 41.3% (242/422)
[2026-08-15T15:40:08.489Z] [1] λ node_modules/expo-router/node/render.js ▓▓▓▓▓▓▓▓▓░░░░░░░ 58.8% (590/822)
[2026-08-15T15:40:11.990Z] [1] Web node_modules/expo-router/entry.js ▓▓▓▓▓▓▓░░░░░░░░░ 47.0% (452/659)
[2026-08-15T15:40:11.990Z] [1] λ node_modules/expo-router/node/render.js ▓▓▓▓▓▓▓▓▓▓▓▓░░░░ 78.7% ( 958/1080)
[2026-08-15T15:40:15.543Z] [1] Web node_modules/expo-router/entry.js ▓▓▓▓▓▓▓▓▓▓▓▓▓░░░ 81.6% ( 988/1094)
[2026-08-15T15:40:15.544Z] [1] λ node_modules/expo-router/node/render.js ▓▓▓▓▓▓▓▓▓▓▓▓▓▓░░ 91.7% (1126/1187)
[2026-08-15T15:40:17.149Z] [1] EXPO_USE_METRO_WORKSPACE_ROOT is enabled by default, use EXPO_NO_METRO_WORKSPACE_ROOT instead to disable.
[2026-08-15T15:40:17.152Z] [1] EXPO_USE_METRO_WORKSPACE_ROOT is enabled by default, use EXPO_NO_METRO_WORKSPACE_ROOT instead to disable.
[2026-08-15T15:40:18.047Z] [1] λ Bundled 15964ms node_modules/expo-router/node/render.js (1316 modules)
[2026-08-15T15:40:18.290Z] [1] λ Bundled 941ms node_modules/expo-router/node/render.js (1 module)
[2026-08-15T15:40:20.324Z] [1] λ  LOG  { colorScheme: 'light', setColorScheme: [Function (anonymous)] } {
[2026-08-15T15:40:20.325Z] [1]   '--color-primary': '#0a7ea4',
[2026-08-15T15:40:20.325Z] [1]   '--color-background': '#ffffff',
[2026-08-15T15:40:20.325Z] [1]   '--color-surface': '#f5f5f5',
[2026-08-15T15:40:20.325Z] [1]   '--color-foreground': '#11181C',
[2026-08-15T15:40:20.325Z] [1]   '--color-muted': '#687076',
[2026-08-15T15:40:20.325Z] [1]   '--color-border': '#E5E7EB',
[2026-08-15T15:40:20.325Z] [1]   '--color-success': '#22C55E',
[2026-08-15T15:40:20.325Z] [1]   '--color-warning': '#F59E0B',
[2026-08-15T15:40:20.325Z] [1]   '--color-error': '#EF4444'
[2026-08-15T15:40:20.325Z] [1] }
[2026-08-15T15:40:20.360Z] [1] λ  WARN  props.pointerEvents is deprecated. Use style.pointerEvents
[2026-08-15T15:40:20.373Z] [1] Web node_modules/expo-router/entry.js ▓▓▓▓▓▓▓▓▓▓▓▓▓▓▓░ 99.4% (1353/1357)
[2026-08-15T15:40:20.374Z] [1] Web node_modules/expo-router/entry.js ░░░░░░░░░░░░░░░░  0.0% (0/1)
[2026-08-15T15:40:20.501Z] [1] λ  LOG  { colorScheme: 'light', setColorScheme: [Function (anonymous)] } {
[2026-08-15T15:40:20.501Z] [1]   '--color-primary': '#0a7ea4',
[2026-08-15T15:40:20.501Z] [1]   '--color-background': '#ffffff',
[2026-08-15T15:40:20.501Z] [1]   '--color-surface': '#f5f5f5',
[2026-08-15T15:40:20.501Z] [1]   '--color-foreground': '#11181C',
[2026-08-15T15:40:20.501Z] [1]   '--color-muted': '#687076',
[2026-08-15T15:40:20.501Z] [1]   '--color-border': '#E5E7EB',
[2026-08-15T15:40:20.501Z] [1]   '--color-success': '#22C55E',
[2026-08-15T15:40:20.501Z] [1]   '--color-warning': '#F59E0B',
[2026-08-15T15:40:20.501Z] [1]   '--color-error': '#EF4444'
[2026-08-15T15:40:20.501Z] [1] }
[2026-08-15T15:40:20.517Z] [1] λ  WARN  props.pointerEvents is deprecated. Use style.pointerEvents
[2026-08-15T15:40:20.522Z] [1] Web node_modules/expo-router/entry.js ▓▓▓▓▓▓▓▓▓▓▓▓▓▓▓░ 99.6% (1354/1357)
[2026-08-15T15:40:20.522Z] [1] Web node_modules/expo-router/entry.js ░░░░░░░░░░░░░░░░  0.0% (0/1)
[2026-08-15T15:40:20.542Z] [1] EXPO_USE_METRO_WORKSPACE_ROOT is enabled by default, use EXPO_NO_METRO_WORKSPACE_ROOT instead to disable.
[2026-08-15T15:40:20.544Z] [1] EXPO_USE_METRO_WORKSPACE_ROOT is enabled by default, use EXPO_NO_METRO_WORKSPACE_ROOT instead to disable.
[2026-08-15T15:40:20.679Z] [1] λ Bundled 24ms node_modules/expo-router/node/render.js (1 module)
[2026-08-15T15:40:20.940Z] [1] λ  LOG  { colorScheme: 'light', setColorScheme: [Function (anonymous)] } {
[2026-08-15T15:40:20.940Z] [1]   '--color-primary': '#0a7ea4',
[2026-08-15T15:40:20.940Z] [1]   '--color-background': '#ffffff',
[2026-08-15T15:40:20.940Z] [1]   '--color-surface': '#f5f5f5',
[2026-08-15T15:40:20.940Z] [1]   '--color-foreground': '#11181C',
[2026-08-15T15:40:20.940Z] [1]   '--color-muted': '#687076',
[2026-08-15T15:40:20.940Z] [1]   '--color-border': '#E5E7EB',
[2026-08-15T15:40:20.940Z] [1]   '--color-success': '#22C55E',
[2026-08-15T15:40:20.940Z] [1]   '--color-warning': '#F59E0B',
[2026-08-15T15:40:20.940Z] [1]   '--color-error': '#EF4444'
[2026-08-15T15:40:20.940Z] [1] }
[2026-08-15T15:40:20.955Z] [1] λ  WARN  props.pointerEvents is deprecated. Use style.pointerEvents
[2026-08-15T15:40:20.960Z] [1] Web node_modules/expo-router/entry.js ▓▓▓▓▓▓▓▓▓▓▓▓▓▓▓░ 99.9% (1357/1363)
[2026-08-15T15:40:20.960Z] [1] Web node_modules/expo-router/entry.js ░░░░░░░░░░░░░░░░  0.0% (0/1)
[2026-08-15T15:40:20.960Z] [1] Web node_modules/expo-router/entry.js ░░░░░░░░░░░░░░░░  0.0% (0/1)
[2026-08-15T15:40:21.093Z] [1] pnpm dev:metro exited with code 0
[2026-08-15T15:40:21.094Z] --> Sending SIGTERM to other processes..
[2026-08-15T15:40:21.156Z] [0]  ELIFECYCLE  Command failed.
[2026-08-15T15:40:21.185Z] [0] 3:40:21 PM [tsx] Previous process hasn't exited yet. Force killing...
[2026-08-15T15:40:21.196Z] [0] pnpm dev:server exited with code SIGTERM
[2026-08-15T15:40:21.203Z] ELIFECYCLE  Command failed with exit code 1.
[2026-08-15T15:40:21.237Z] Dev server exited with code 1
[2026-08-15T15:42:43.974Z] Starting dev server with command: pnpm run dev
[2026-08-15T15:42:45.212Z] > app-template@1.0.0 dev /home/ubuntu/android-chat-app
[2026-08-15T15:42:45.212Z] > concurrently -k "pnpm dev:server" "pnpm dev:metro"
[2026-08-15T15:42:45.944Z] [0]
[2026-08-15T15:42:45.944Z] [0] > app-template@1.0.0 dev:server /home/ubuntu/android-chat-app
[2026-08-15T15:42:45.944Z] [0] > cross-env NODE_ENV=development tsx watch server/_core/index.ts
[2026-08-15T15:42:45.944Z] [0]
[2026-08-15T15:42:45.946Z] [1]
[2026-08-15T15:42:45.946Z] [1] > app-template@1.0.0 dev:metro /home/ubuntu/android-chat-app
[2026-08-15T15:42:45.946Z] [1] > cross-env EXPO_USE_METRO_WORKSPACE_ROOT=1 npx expo start --web --port ${EXPO_PORT:-8081}
[2026-08-15T15:42:45.946Z] [1]
[2026-08-15T15:42:46.736Z] [1] Starting project at /home/ubuntu/android-chat-app
[2026-08-15T15:42:47.224Z] [1] EXPO_USE_METRO_WORKSPACE_ROOT is enabled by default, use EXPO_NO_METRO_WORKSPACE_ROOT instead to disable.
[2026-08-15T15:42:47.681Z] [1] EXPO_USE_METRO_WORKSPACE_ROOT is enabled by default, use EXPO_NO_METRO_WORKSPACE_ROOT instead to disable.
[2026-08-15T15:42:47.681Z] [1] EXPO_USE_METRO_WORKSPACE_ROOT is enabled by default, use EXPO_NO_METRO_WORKSPACE_ROOT instead to disable.
[2026-08-15T15:42:47.682Z] [1] EXPO_USE_METRO_WORKSPACE_ROOT is enabled by default, use EXPO_NO_METRO_WORKSPACE_ROOT instead to disable.
[2026-08-15T15:42:47.934Z] [1] React Compiler enabled
[2026-08-15T15:42:48.111Z] [1] Starting Metro Bundler
[2026-08-15T15:42:48.143Z] [1] EXPO_USE_METRO_WORKSPACE_ROOT is enabled by default, use EXPO_NO_METRO_WORKSPACE_ROOT instead to disable.
[2026-08-15T15:42:49.503Z] [0] [OAuth] Initialized with baseURL: https://api.manus.im
[2026-08-15T15:42:49.654Z] [0] [api] server listening on port 3000
[2026-08-15T15:42:52.955Z] [1] EXPO_USE_METRO_WORKSPACE_ROOT is enabled by default, use EXPO_NO_METRO_WORKSPACE_ROOT instead to disable.
[2026-08-15T15:42:52.957Z] [1] EXPO_USE_METRO_WORKSPACE_ROOT is enabled by default, use EXPO_NO_METRO_WORKSPACE_ROOT instead to disable.
[2026-08-15T15:42:54.641Z] [1] Web node_modules/expo-router/entry.js ░░░░░░░░░░░░░░░░  0.0% (0/1)
[2026-08-15T15:42:54.641Z] [1] λ node_modules/expo-router/node/render.js ░░░░░░░░░░░░░░░░  0.0% (0/1)
[2026-08-15T15:42:54.650Z] [1] The following packages should be updated for best compatibility with the installed expo version:
[2026-08-15T15:42:54.650Z] [1]   expo@54.0.29 - expected version: ~54.0.36
[2026-08-15T15:42:54.650Z] [1]   expo-audio@1.1.0 - expected version: ~1.1.1
[2026-08-15T15:42:54.650Z] [1]   expo-constants@18.0.12 - expected version: ~18.0.13
[2026-08-15T15:42:54.650Z] [1]   expo-font@14.0.10 - expected version: ~14.0.12
[2026-08-15T15:42:54.650Z] [1]   expo-linking@8.0.10 - expected version: ~8.0.12
[2026-08-15T15:42:54.651Z] [1]   expo-notifications@0.32.15 - expected version: ~0.32.17
[2026-08-15T15:42:54.651Z] [1]   expo-router@6.0.19 - expected version: ~6.0.24
[2026-08-15T15:42:54.651Z] [1]   expo-splash-screen@31.0.12 - expected version: ~31.0.13
[2026-08-15T15:42:54.651Z] [1]   expo-video@3.0.15 - expected version: ~3.0.16
[2026-08-15T15:42:54.651Z] [1]   expo-web-browser@15.0.10 - expected version: ~15.0.11
[2026-08-15T15:42:54.651Z] [1] Your project may not work correctly until you install the expected versions of the packages.
[2026-08-15T15:42:54.658Z] [1] Waiting on http://localhost:8081
[2026-08-15T15:42:54.658Z] [1] Logs for your project will appear below.
[2026-08-15T15:42:54.658Z] [1] Web node_modules/expo-router/entry.js ░░░░░░░░░░░░░░░░  0.0% (0/1)
[2026-08-15T15:42:54.658Z] [1] λ node_modules/expo-router/node/render.js ░░░░░░░░░░░░░░░░  0.0% (0/1)
[2026-08-15T15:42:55.179Z] [1] EXPO_USE_METRO_WORKSPACE_ROOT is enabled by default, use EXPO_NO_METRO_WORKSPACE_ROOT instead to disable.
[2026-08-15T15:42:55.180Z] [1] EXPO_USE_METRO_WORKSPACE_ROOT is enabled by default, use EXPO_NO_METRO_WORKSPACE_ROOT instead to disable.
[2026-08-15T15:42:56.808Z] [1] | Browserslist: browsers data (caniuse-lite) is 8 months old. Please run:
[2026-08-15T15:42:56.880Z] [1] |   npx update-browserslist-db@latest
[2026-08-15T15:42:56.880Z] [1] |   Why you should do it regularly: https://github.com/browserslist/update-db#readme
[2026-08-15T15:42:57.756Z] [1] λ Bundled 3159ms node_modules/expo-router/node/render.js (1222 modules)
[2026-08-15T15:42:59.692Z] [1] λ  LOG  { colorScheme: 'light', setColorScheme: [Function (anonymous)] } {
[2026-08-15T15:42:59.692Z] [1]   '--color-primary': '#6D5DF5',
[2026-08-15T15:42:59.692Z] [1]   '--color-background': '#F6F7FB',
[2026-08-15T15:42:59.692Z] [1]   '--color-surface': '#FFFFFF',
[2026-08-15T15:42:59.692Z] [1]   '--color-foreground': '#171827',
[2026-08-15T15:42:59.692Z] [1]   '--color-muted': '#85879A',
[2026-08-15T15:42:59.693Z] [1]   '--color-border': '#E7E8F0',
[2026-08-15T15:42:59.693Z] [1]   '--color-success': '#42D6B5',
[2026-08-15T15:42:59.693Z] [1]   '--color-warning': '#F59E0B',
[2026-08-15T15:42:59.693Z] [1]   '--color-error': '#EF4444'
[2026-08-15T15:42:59.693Z] [1] }
[2026-08-15T15:42:59.757Z] [1] λ  WARN  props.pointerEvents is deprecated. Use style.pointerEvents
[2026-08-15T15:42:59.767Z] [1] Web node_modules/expo-router/entry.js ▓▓▓▓▓▓▓▓▓▓▓▓▓▓▓░ 99.7% (1364/1366)
[2026-08-15T15:42:59.767Z] [1] Web node_modules/expo-router/entry.js ░░░░░░░░░░░░░░░░  0.0% (0/1)
[2026-08-15T15:42:59.767Z] [1] λ node_modules/expo-router/node/render.js ░░░░░░░░░░░░░░░░  0.0% (0/1)
[2026-08-15T15:42:59.785Z] [1] λ Bundled 4602ms node_modules/expo-router/node/render.js (1 module)
[2026-08-15T15:43:00.090Z] [1] λ  LOG  { colorScheme: 'light', setColorScheme: [Function (anonymous)] } {
[2026-08-15T15:43:00.090Z] [1]   '--color-primary': '#6D5DF5',
[2026-08-15T15:43:00.090Z] [1]   '--color-background': '#F6F7FB',
[2026-08-15T15:43:00.090Z] [1]   '--color-surface': '#FFFFFF',
[2026-08-15T15:43:00.090Z] [1]   '--color-foreground': '#171827',
[2026-08-15T15:43:00.090Z] [1]   '--color-muted': '#85879A',
[2026-08-15T15:43:00.090Z] [1]   '--color-border': '#E7E8F0',
[2026-08-15T15:43:00.090Z] [1]   '--color-success': '#42D6B5',
[2026-08-15T15:43:00.090Z] [1]   '--color-warning': '#F59E0B',
[2026-08-15T15:43:00.090Z] [1]   '--color-error': '#EF4444'
[2026-08-15T15:43:00.090Z] [1] }
[2026-08-15T15:43:00.123Z] [1] λ  WARN  props.pointerEvents is deprecated. Use style.pointerEvents
[2026-08-15T15:43:00.128Z] [1] Web node_modules/expo-router/entry.js ▓▓▓▓▓▓▓▓▓▓▓▓▓▓▓░ 99.9% (0/1)
[2026-08-15T15:43:00.128Z] [1] Web node_modules/expo-router/entry.js ░░░░░░░░░░░░░░░░  0.0% (0/1)
[2026-08-15T15:43:00.183Z] [1] Web Bundled 5588ms node_modules/expo-router/entry.js (1 module)
[2026-08-15T15:43:00.250Z] [1] Web Bundled 5029ms node_modules/expo-router/entry.js (1 module)
[2026-08-15T15:43:02.608Z] [1] EXPO_USE_METRO_WORKSPACE_ROOT is enabled by default, use EXPO_NO_METRO_WORKSPACE_ROOT instead to disable.
[2026-08-15T15:43:02.610Z] [1] EXPO_USE_METRO_WORKSPACE_ROOT is enabled by default, use EXPO_NO_METRO_WORKSPACE_ROOT instead to disable.
[2026-08-15T15:43:02.802Z] [1] λ Bundled 58ms node_modules/expo-router/node/render.js (1 module)
[2026-08-15T15:43:02.939Z] [1] λ  LOG  { colorScheme: 'light', setColorScheme: [Function (anonymous)] } {
[2026-08-15T15:43:02.939Z] [1]   '--color-primary': '#6D5DF5',
[2026-08-15T15:43:02.939Z] [1]   '--color-background': '#F6F7FB',
[2026-08-15T15:43:02.939Z] [1]   '--color-surface': '#FFFFFF',
[2026-08-15T15:43:02.939Z] [1]   '--color-foreground': '#171827',
[2026-08-15T15:43:02.939Z] [1]   '--color-muted': '#85879A',
[2026-08-15T15:43:02.939Z] [1]   '--color-border': '#E7E8F0',
[2026-08-15T15:43:02.939Z] [1]   '--color-success': '#42D6B5',
[2026-08-15T15:43:02.939Z] [1]   '--color-warning': '#F59E0B',
[2026-08-15T15:43:02.939Z] [1]   '--color-error': '#EF4444'
[2026-08-15T15:43:02.939Z] [1] }
[2026-08-15T15:43:02.974Z] [1] λ  WARN  props.pointerEvents is deprecated. Use style.pointerEvents
[2026-08-15T15:43:02.980Z] [1] Web node_modules/expo-router/entry.js ▓▓▓▓▓░░░░░░░░░░░ 32.7% (232/491)
[2026-08-15T15:43:02.980Z] [1] Web node_modules/expo-router/entry.js ░░░░░░░░░░░░░░░░  0.0% (0/1)
[2026-08-15T15:43:02.980Z] [1] Web node_modules/expo-router/entry.js ░░░░░░░░░░░░░░░░  0.0% (0/1)
[2026-08-15T15:43:03.009Z] [1] Web Bundled 398ms node_modules/expo-router/entry.js (1 module)
[2026-08-15T15:43:06.480Z] [1] Web node_modules/expo-router/entry.js ▓▓▓▓▓▓▓▓░░░░░░░░ 52.7% (674/934)
[2026-08-15T15:43:06.480Z] [1] Web node_modules/expo-router/entry.js ░░░░░░░░░░░░░░░░  0.0% (0/1)
[2026-08-15T15:43:06.480Z] [1] Web node_modules/expo-router/entry.js ░░░░░░░░░░░░░░░░  0.0% (0/1)
[2026-08-15T15:43:08.396Z] [1] Killed
[2026-08-15T15:43:08.427Z] [1]  ELIFECYCLE  Command failed with exit code 137.
[2026-08-15T15:43:08.455Z] [1] pnpm dev:metro exited with code 137
[2026-08-15T15:43:08.457Z] --> Sending SIGTERM to other processes..
[2026-08-15T15:43:08.518Z] [0]  ELIFECYCLE  Command failed.
[2026-08-15T15:43:08.583Z] [0] 3:43:08 PM [tsx] Previous process hasn't exited yet. Force killing...
[2026-08-15T15:43:08.589Z] [0] pnpm dev:server exited with code SIGTERM
[2026-08-15T15:43:08.594Z] ELIFECYCLE  Command failed with exit code 1.
[2026-08-15T15:43:08.634Z] Dev server exited with code 1
[2026-08-15T15:43:12.607Z] Starting dev server with command: pnpm run dev
[2026-08-15T15:43:13.875Z] > app-template@1.0.0 dev /home/ubuntu/android-chat-app
[2026-08-15T15:43:13.875Z] > concurrently -k "pnpm dev:server" "pnpm dev:metro"
[2026-08-15T15:43:14.674Z] [0]
[2026-08-15T15:43:14.674Z] [0] > app-template@1.0.0 dev:server /home/ubuntu/android-chat-app
[2026-08-15T15:43:14.674Z] [0] > cross-env NODE_ENV=development tsx watch server/_core/index.ts
[2026-08-15T15:43:14.674Z] [0]
[2026-08-15T15:43:14.678Z] [1]
[2026-08-15T15:43:14.678Z] [1] > app-template@1.0.0 dev:metro /home/ubuntu/android-chat-app
[2026-08-15T15:43:14.678Z] [1] > cross-env EXPO_USE_METRO_WORKSPACE_ROOT=1 npx expo start --web --port ${EXPO_PORT:-8081}
[2026-08-15T15:43:14.678Z] [1]
[2026-08-15T15:43:15.565Z] [1] Starting project at /home/ubuntu/android-chat-app
[2026-08-15T15:43:16.062Z] [1] EXPO_USE_METRO_WORKSPACE_ROOT is enabled by default, use EXPO_NO_METRO_WORKSPACE_ROOT instead to disable.
[2026-08-15T15:43:16.511Z] [1] EXPO_USE_METRO_WORKSPACE_ROOT is enabled by default, use EXPO_NO_METRO_WORKSPACE_ROOT instead to disable.
[2026-08-15T15:43:16.512Z] [1] EXPO_USE_METRO_WORKSPACE_ROOT is enabled by default, use EXPO_NO_METRO_WORKSPACE_ROOT instead to disable.
[2026-08-15T15:43:16.512Z] [1] EXPO_USE_METRO_WORKSPACE_ROOT is enabled by default, use EXPO_NO_METRO_WORKSPACE_ROOT instead to disable.
[2026-08-15T15:43:16.780Z] [1] React Compiler enabled
[2026-08-15T15:43:17.004Z] [1] Starting Metro Bundler
[2026-08-15T15:43:17.051Z] [1] EXPO_USE_METRO_WORKSPACE_ROOT is enabled by default, use EXPO_NO_METRO_WORKSPACE_ROOT instead to disable.
[2026-08-15T15:43:17.296Z] [1] The following packages should be updated for best compatibility with the installed expo version:
[2026-08-15T15:43:17.297Z] [1]   expo@54.0.29 - expected version: ~54.0.36
[2026-08-15T15:43:17.297Z] [1]   expo-audio@1.1.0 - expected version: ~1.1.1
[2026-08-15T15:43:17.297Z] [1]   expo-constants@18.0.12 - expected version: ~18.0.13
[2026-08-15T15:43:17.298Z] [1]   expo-font@14.0.10 - expected version: ~14.0.12
[2026-08-15T15:43:17.298Z] [1]   expo-linking@8.0.10 - expected version: ~8.0.12
[2026-08-15T15:43:17.298Z] [1]   expo-notifications@0.32.15 - expected version: ~0.32.17
[2026-08-15T15:43:17.298Z] [1]   expo-router@6.0.19 - expected version: ~6.0.24
[2026-08-15T15:43:17.298Z] [1]   expo-splash-screen@31.0.12 - expected version: ~31.0.13
[2026-08-15T15:43:17.298Z] [1]   expo-video@3.0.15 - expected version: ~3.0.16
[2026-08-15T15:43:17.299Z] [1]   expo-web-browser@15.0.10 - expected version: ~15.0.11
[2026-08-15T15:43:17.299Z] [1] Your project may not work correctly until you install the expected versions of the packages.
[2026-08-15T15:43:17.305Z] [1] Waiting on http://localhost:8081
[2026-08-15T15:43:17.306Z] [1] Logs for your project will appear below.
[2026-08-15T15:43:17.332Z] [1] EXPO_USE_METRO_WORKSPACE_ROOT is enabled by default, use EXPO_NO_METRO_WORKSPACE_ROOT instead to disable.
[2026-08-15T15:43:17.334Z] [1] EXPO_USE_METRO_WORKSPACE_ROOT is enabled by default, use EXPO_NO_METRO_WORKSPACE_ROOT instead to disable.
[2026-08-15T15:43:17.939Z] [1] EXPO_USE_METRO_WORKSPACE_ROOT is enabled by default, use EXPO_NO_METRO_WORKSPACE_ROOT instead to disable.
[2026-08-15T15:43:17.941Z] [1] EXPO_USE_METRO_WORKSPACE_ROOT is enabled by default, use EXPO_NO_METRO_WORKSPACE_ROOT instead to disable.
[2026-08-15T15:43:18.574Z] [0] [OAuth] Initialized with baseURL: https://api.manus.im
[2026-08-15T15:43:18.749Z] [0] [api] server listening on port 3000
[2026-08-15T15:43:23.892Z] [1] Web node_modules/expo-router/entry.js ░░░░░░░░░░░░░░░░  0.0% (0/1)
[2026-08-15T15:43:23.892Z] [1] λ node_modules/expo-router/node/render.js ░░░░░░░░░░░░░░░░  0.0% (0/1)
[2026-08-15T15:43:23.892Z] [1] Web node_modules/expo-router/entry.js ░░░░░░░░░░░░░░░░  0.0% (0/1)
[2026-08-15T15:43:23.892Z] [1] λ node_modules/expo-router/node/render.js ░░░░░░░░░░░░░░░░  0.0% (0/1)
[2026-08-15T15:43:26.481Z] [1] λ Bundled 2603ms node_modules/expo-router/node/render.js (1 module)
[2026-08-15T15:43:28.481Z] [1] λ  LOG  { colorScheme: 'light', setColorScheme: [Function (anonymous)] } {
[2026-08-15T15:43:28.482Z] [1]   '--color-primary': '#6D5DF5',
[2026-08-15T15:43:28.482Z] [1]   '--color-background': '#F6F7FB',
[2026-08-15T15:43:28.482Z] [1]   '--color-surface': '#FFFFFF',
[2026-08-15T15:43:28.482Z] [1]   '--color-foreground': '#171827',
[2026-08-15T15:43:28.482Z] [1]   '--color-muted': '#85879A',
[2026-08-15T15:43:28.482Z] [1]   '--color-border': '#E7E8F0',
[2026-08-15T15:43:28.482Z] [1]   '--color-success': '#42D6B5',
[2026-08-15T15:43:28.482Z] [1]   '--color-warning': '#F59E0B',
[2026-08-15T15:43:28.482Z] [1]   '--color-error': '#EF4444'
[2026-08-15T15:43:28.482Z] [1] }
[2026-08-15T15:43:28.543Z] [1] λ  WARN  props.pointerEvents is deprecated. Use style.pointerEvents
[2026-08-15T15:43:28.555Z] [1] Web node_modules/expo-router/entry.js ▓▓▓▓▓▓▓▓▓▓▓▓▓▓▓░ 99.9% (1365/1366)
[2026-08-15T15:43:28.555Z] [1] Web node_modules/expo-router/entry.js ░░░░░░░░░░░░░░░░  0.0% (0/1)
[2026-08-15T15:43:28.555Z] [1] λ node_modules/expo-router/node/render.js ░░░░░░░░░░░░░░░░  0.0% (0/1)
[2026-08-15T15:43:28.576Z] [1] λ Bundled 4698ms node_modules/expo-router/node/render.js (1 module)
[2026-08-15T15:43:28.867Z] [1] λ  LOG  { colorScheme: 'light', setColorScheme: [Function (anonymous)] } {
[2026-08-15T15:43:28.867Z] [1]   '--color-primary': '#6D5DF5',
[2026-08-15T15:43:28.867Z] [1]   '--color-background': '#F6F7FB',
[2026-08-15T15:43:28.867Z] [1]   '--color-surface': '#FFFFFF',
[2026-08-15T15:43:28.867Z] [1]   '--color-foreground': '#171827',
[2026-08-15T15:43:28.867Z] [1]   '--color-muted': '#85879A',
[2026-08-15T15:43:28.867Z] [1]   '--color-border': '#E7E8F0',
[2026-08-15T15:43:28.867Z] [1]   '--color-success': '#42D6B5',
[2026-08-15T15:43:28.867Z] [1]   '--color-warning': '#F59E0B',
[2026-08-15T15:43:28.867Z] [1]   '--color-error': '#EF4444'
[2026-08-15T15:43:28.867Z] [1] }
[2026-08-15T15:43:28.899Z] [1] λ  WARN  props.pointerEvents is deprecated. Use style.pointerEvents
[2026-08-15T15:43:28.904Z] [1] Web node_modules/expo-router/entry.js ▓▓▓▓▓▓▓▓▓▓▓▓▓▓▓░ 99.9% (1366/1366)
[2026-08-15T15:43:28.904Z] [1] Web node_modules/expo-router/entry.js ░░░░░░░░░░░░░░░░  0.0% (0/1)
[2026-08-15T15:43:28.927Z] [1] EXPO_USE_METRO_WORKSPACE_ROOT is enabled by default, use EXPO_NO_METRO_WORKSPACE_ROOT instead to disable.
[2026-08-15T15:43:28.929Z] [1] EXPO_USE_METRO_WORKSPACE_ROOT is enabled by default, use EXPO_NO_METRO_WORKSPACE_ROOT instead to disable.
[2026-08-15T15:43:29.122Z] [1] λ Bundled 15ms node_modules/expo-router/node/render.js (1 module)
[2026-08-15T15:43:29.274Z] [1] λ  LOG  { colorScheme: 'light', setColorScheme: [Function (anonymous)] } {
[2026-08-15T15:43:29.274Z] [1]   '--color-primary': '#6D5DF5',
[2026-08-15T15:43:29.274Z] [1]   '--color-background': '#F6F7FB',
[2026-08-15T15:43:29.274Z] [1]   '--color-surface': '#FFFFFF',
[2026-08-15T15:43:29.274Z] [1]   '--color-foreground': '#171827',
[2026-08-15T15:43:29.274Z] [1]   '--color-muted': '#85879A',
[2026-08-15T15:43:29.274Z] [1]   '--color-border': '#E7E8F0',
[2026-08-15T15:43:29.274Z] [1]   '--color-success': '#42D6B5',
[2026-08-15T15:43:29.274Z] [1]   '--color-warning': '#F59E0B',
[2026-08-15T15:43:29.274Z] [1]   '--color-error': '#EF4444'
[2026-08-15T15:43:29.274Z] [1] }
[2026-08-15T15:43:29.317Z] [1] λ  WARN  props.pointerEvents is deprecated. Use style.pointerEvents
[2026-08-15T15:43:29.324Z] [1] Web node_modules/expo-router/entry.js ▓▓▓▓▓▓▓▓▓▓▓▓▓▓▓░ 99.9% (0/1)
[2026-08-15T15:43:29.324Z] [1] Web node_modules/expo-router/entry.js ░░░░░░░░░░░░░░░░  0.0% (0/1)
[2026-08-15T15:43:29.324Z] [1] Web node_modules/expo-router/entry.js ░░░░░░░░░░░░░░░░  0.0% (0/1)
[2026-08-15T15:43:29.484Z] [1] Web Bundled 5608ms node_modules/expo-router/entry.js (1 module)
[2026-08-15T15:43:29.512Z] [1] Error: Premature close
[2026-08-15T15:43:29.512Z] [1]     at onclose (node:internal/streams/end-of-stream:158:30)
[2026-08-15T15:43:29.512Z] [1]     at processTicksAndRejections (node:internal/process/task_queues:85:11)
[2026-08-15T15:43:29.545Z] [1] Web Bundled 5635ms node_modules/expo-router/entry.js (1 module)
[2026-08-15T15:43:29.545Z] [1] Web Bundled 615ms node_modules/expo-router/entry.js (1 module)
[2026-08-15T15:43:31.258Z] [1] EXPO_USE_METRO_WORKSPACE_ROOT is enabled by default, use EXPO_NO_METRO_WORKSPACE_ROOT instead to disable.
[2026-08-15T15:43:31.260Z] [1] EXPO_USE_METRO_WORKSPACE_ROOT is enabled by default, use EXPO_NO_METRO_WORKSPACE_ROOT instead to disable.
[2026-08-15T15:43:31.458Z] [1] λ Bundled 67ms node_modules/expo-router/node/render.js (1 module)
[2026-08-15T15:43:31.597Z] [1] λ  LOG  { colorScheme: 'light', setColorScheme: [Function (anonymous)] } {
[2026-08-15T15:43:31.597Z] [1]   '--color-primary': '#6D5DF5',
[2026-08-15T15:43:31.597Z] [1]   '--color-background': '#F6F7FB',
[2026-08-15T15:43:31.597Z] [1]   '--color-surface': '#FFFFFF',
[2026-08-15T15:43:31.597Z] [1]   '--color-foreground': '#171827',
[2026-08-15T15:43:31.597Z] [1]   '--color-muted': '#85879A',
[2026-08-15T15:43:31.597Z] [1]   '--color-border': '#E7E8F0',
[2026-08-15T15:43:31.597Z] [1]   '--color-success': '#42D6B5',
[2026-08-15T15:43:31.597Z] [1]   '--color-warning': '#F59E0B',
[2026-08-15T15:43:31.597Z] [1]   '--color-error': '#EF4444'
[2026-08-15T15:43:31.597Z] [1] }
[2026-08-15T15:43:31.629Z] [1] λ  WARN  props.pointerEvents is deprecated. Use style.pointerEvents
[2026-08-15T15:43:31.634Z] [1] Web node_modules/expo-router/entry.js ▓▓▓▓▓▓▓▓▓▓▓░░░░░ 68.8% ( 866/1044)
[2026-08-15T15:43:31.634Z] [1] Web node_modules/expo-router/entry.js ░░░░░░░░░░░░░░░░  0.0% (0/1)
[2026-08-15T15:43:31.662Z] [1] Web Bundled 399ms node_modules/expo-router/entry.js (1 module)
[2026-08-15T15:43:35.138Z] [1] Web node_modules/expo-router/entry.js ▓▓▓▓▓▓▓▓▓▓▓▓▓▓▓░ 95.7% (1318/1347)
[2026-08-15T15:43:35.138Z] [1] Web node_modules/expo-router/entry.js ░░░░░░░░░░░░░░░░  0.0% (0/1)
[2026-08-15T15:43:35.499Z] [1] Web Bundled 5887ms node_modules/expo-router/entry.js (1 module)
[2026-08-15T15:43:35.552Z] [1] Web Bundled 3554ms node_modules/expo-router/entry.js (1 module)
[2026-08-15T15:43:38.396Z] [1]  LOG  [web] Logs will appear in the browser console
[2026-08-15T15:43:41.089Z] [1] EXPO_USE_METRO_WORKSPACE_ROOT is enabled by default, use EXPO_NO_METRO_WORKSPACE_ROOT instead to disable.
[2026-08-15T15:43:41.091Z] [1] EXPO_USE_METRO_WORKSPACE_ROOT is enabled by default, use EXPO_NO_METRO_WORKSPACE_ROOT instead to disable.
[2026-08-15T15:43:41.269Z] [1] λ Bundled 38ms node_modules/expo-router/node/render.js (1 module)
[2026-08-15T15:43:41.403Z] [1] λ  LOG  { colorScheme: 'light', setColorScheme: [Function (anonymous)] } {
[2026-08-15T15:43:41.404Z] [1]   '--color-primary': '#6D5DF5',
[2026-08-15T15:43:41.404Z] [1]   '--color-background': '#F6F7FB',
[2026-08-15T15:43:41.404Z] [1]   '--color-surface': '#FFFFFF',
[2026-08-15T15:43:41.404Z] [1]   '--color-foreground': '#171827',
[2026-08-15T15:43:41.404Z] [1]   '--color-muted': '#85879A',
[2026-08-15T15:43:41.404Z] [1]   '--color-border': '#E7E8F0',
[2026-08-15T15:43:41.404Z] [1]   '--color-success': '#42D6B5',
[2026-08-15T15:43:41.404Z] [1]   '--color-warning': '#F59E0B',
[2026-08-15T15:43:41.404Z] [1]   '--color-error': '#EF4444'
[2026-08-15T15:43:41.404Z] [1] }
[2026-08-15T15:43:41.437Z] [1] λ  WARN  props.pointerEvents is deprecated. Use style.pointerEvents
[2026-08-15T15:43:41.442Z] [1] Web node_modules/expo-router/entry.js ░░░░░░░░░░░░░░░░  0.0% (0/1)
[2026-08-15T15:43:41.456Z] [1] Web Bundled 363ms node_modules/expo-router/entry.js (1 module)
[2026-08-15T15:43:41.551Z] [1] Web Bundled 51ms node_modules/expo-router/entry.js (1 module)
[2026-08-15T15:43:42.055Z] [1]  LOG  [web] Logs will appear in the browser console
[2026-08-15T15:44:52.589Z] [1] EXPO_USE_METRO_WORKSPACE_ROOT is enabled by default, use EXPO_NO_METRO_WORKSPACE_ROOT instead to disable.
[2026-08-15T15:44:52.590Z] [1] EXPO_USE_METRO_WORKSPACE_ROOT is enabled by default, use EXPO_NO_METRO_WORKSPACE_ROOT instead to disable.
[2026-08-15T15:44:52.593Z] [1] Web node_modules/expo-router/entry.js ░░░░░░░░░░░░░░░░  0.0% (0/1)
[2026-08-15T15:44:52.770Z] [1] λ Bundled 49ms node_modules/expo-router/node/render.js (1 module)
[2026-08-15T15:44:52.926Z] [1] λ  LOG  { colorScheme: 'light', setColorScheme: [Function (anonymous)] } {
[2026-08-15T15:44:52.926Z] [1]   '--color-primary': '#6D5DF5',
[2026-08-15T15:44:52.926Z] [1]   '--color-background': '#F6F7FB',
[2026-08-15T15:44:52.926Z] [1]   '--color-surface': '#FFFFFF',
[2026-08-15T15:44:52.926Z] [1]   '--color-foreground': '#171827',
[2026-08-15T15:44:52.926Z] [1]   '--color-muted': '#85879A',
[2026-08-15T15:44:52.926Z] [1]   '--color-border': '#E7E8F0',
[2026-08-15T15:44:52.926Z] [1]   '--color-success': '#42D6B5',
[2026-08-15T15:44:52.926Z] [1]   '--color-warning': '#F59E0B',
[2026-08-15T15:44:52.926Z] [1]   '--color-error': '#EF4444'
[2026-08-15T15:44:52.926Z] [1] }
[2026-08-15T15:44:52.962Z] [1] λ  WARN  props.pointerEvents is deprecated. Use style.pointerEvents
[2026-08-15T15:44:52.968Z] [1] Web node_modules/expo-router/entry.js ░░░░░░░░░░░░░░░░  0.0% (0/1)
[2026-08-15T15:44:53.001Z] [1] Web Bundled 408ms node_modules/expo-router/entry.js (1 module)
[2026-08-15T15:44:53.775Z] [1] Web Bundled 57ms node_modules/expo-router/entry.js (1 module)
[2026-08-15T15:44:56.315Z] [1] EXPO_USE_METRO_WORKSPACE_ROOT is enabled by default, use EXPO_NO_METRO_WORKSPACE_ROOT instead to disable.
[2026-08-15T15:44:56.316Z] [1] EXPO_USE_METRO_WORKSPACE_ROOT is enabled by default, use EXPO_NO_METRO_WORKSPACE_ROOT instead to disable.
[2026-08-15T15:44:56.490Z] [1] λ Bundled 45ms node_modules/expo-router/node/render.js (1 module)
[2026-08-15T15:44:56.490Z] [1] Web node_modules/expo-router/entry.js ░░░░░░░░░░░░░░░░  0.0% (0/1)
[2026-08-15T15:44:56.616Z] [1] λ  LOG  { colorScheme: 'light', setColorScheme: [Function (anonymous)] } {
[2026-08-15T15:44:56.616Z] [1]   '--color-primary': '#6D5DF5',
[2026-08-15T15:44:56.616Z] [1]   '--color-background': '#F6F7FB',
[2026-08-15T15:44:56.616Z] [1]   '--color-surface': '#FFFFFF',
[2026-08-15T15:44:56.617Z] [1]   '--color-foreground': '#171827',
[2026-08-15T15:44:56.617Z] [1]   '--color-muted': '#85879A',
[2026-08-15T15:44:56.617Z] [1]   '--color-border': '#E7E8F0',
[2026-08-15T15:44:56.617Z] [1]   '--color-success': '#42D6B5',
[2026-08-15T15:44:56.617Z] [1]   '--color-warning': '#F59E0B',
[2026-08-15T15:44:56.617Z] [1]   '--color-error': '#EF4444'
[2026-08-15T15:44:56.617Z] [1] }
[2026-08-15T15:44:56.652Z] [1] λ  WARN  props.pointerEvents is deprecated. Use style.pointerEvents
[2026-08-15T15:44:56.657Z] [1] Web node_modules/expo-router/entry.js ░░░░░░░░░░░░░░░░  0.0% (0/1)
[2026-08-15T15:44:56.671Z] [1] Web Bundled 354ms node_modules/expo-router/entry.js (1 module)
[2026-08-15T15:44:56.917Z] [1]  LOG  [web] Logs will appear in the browser console
[2026-08-15T15:44:57.278Z] [1] EXPO_USE_METRO_WORKSPACE_ROOT is enabled by default, use EXPO_NO_METRO_WORKSPACE_ROOT instead to disable.
[2026-08-15T15:44:57.279Z] [1] EXPO_USE_METRO_WORKSPACE_ROOT is enabled by default, use EXPO_NO_METRO_WORKSPACE_ROOT instead to disable.
[2026-08-15T15:44:57.431Z] [1] λ Bundled 32ms node_modules/expo-router/node/render.js (1 module)
[2026-08-15T15:44:57.540Z] [1] λ  LOG  { colorScheme: 'light', setColorScheme: [Function (anonymous)] } {
[2026-08-15T15:44:57.541Z] [1]   '--color-primary': '#6D5DF5',
[2026-08-15T15:44:57.541Z] [1]   '--color-background': '#F6F7FB',
[2026-08-15T15:44:57.541Z] [1]   '--color-surface': '#FFFFFF',
[2026-08-15T15:44:57.541Z] [1]   '--color-foreground': '#171827',
[2026-08-15T15:44:57.541Z] [1]   '--color-muted': '#85879A',
[2026-08-15T15:44:57.541Z] [1]   '--color-border': '#E7E8F0',
[2026-08-15T15:44:57.541Z] [1]   '--color-success': '#42D6B5',
[2026-08-15T15:44:57.541Z] [1]   '--color-warning': '#F59E0B',
[2026-08-15T15:44:57.541Z] [1]   '--color-error': '#EF4444'
[2026-08-15T15:44:57.541Z] [1] }
[2026-08-15T15:44:57.572Z] [1] λ  WARN  props.pointerEvents is deprecated. Use style.pointerEvents
[2026-08-15T15:44:57.577Z] [1] Web node_modules/expo-router/entry.js ░░░░░░░░░░░░░░░░  0.0% (0/1)
[2026-08-15T15:44:57.591Z] [1] Web Bundled 311ms node_modules/expo-router/entry.js (1 module)
[2026-08-15T15:44:57.936Z] [1] Web Bundled 46ms node_modules/expo-router/entry.js (1 module)
[2026-08-15T15:45:01.578Z] [1]  LOG  [web] Logs will appear in the browser console
[2026-08-15T15:45:24.619Z] [1] EXPO_USE_METRO_WORKSPACE_ROOT is enabled by default, use EXPO_NO_METRO_WORKSPACE_ROOT instead to disable.
[2026-08-15T15:45:24.621Z] [1] EXPO_USE_METRO_WORKSPACE_ROOT is enabled by default, use EXPO_NO_METRO_WORKSPACE_ROOT instead to disable.
[2026-08-15T15:45:24.622Z] [1] Web node_modules/expo-router/entry.js ░░░░░░░░░░░░░░░░  0.0% (0/1)
[2026-08-15T15:45:24.793Z] [1] λ Bundled 43ms node_modules/expo-router/node/render.js (1 module)
[2026-08-15T15:45:24.910Z] [1] λ  LOG  { colorScheme: 'light', setColorScheme: [Function (anonymous)] } {
[2026-08-15T15:45:24.910Z] [1]   '--color-primary': '#6D5DF5',
[2026-08-15T15:45:24.910Z] [1]   '--color-background': '#F6F7FB',
[2026-08-15T15:45:24.910Z] [1]   '--color-surface': '#FFFFFF',
[2026-08-15T15:45:24.910Z] [1]   '--color-foreground': '#171827',
[2026-08-15T15:45:24.910Z] [1]   '--color-muted': '#85879A',
[2026-08-15T15:45:24.910Z] [1]   '--color-border': '#E7E8F0',
[2026-08-15T15:45:24.910Z] [1]   '--color-success': '#42D6B5',
[2026-08-15T15:45:24.910Z] [1]   '--color-warning': '#F59E0B',
[2026-08-15T15:45:24.910Z] [1]   '--color-error': '#EF4444'
[2026-08-15T15:45:24.910Z] [1] }
[2026-08-15T15:45:24.954Z] [1] λ  WARN  props.pointerEvents is deprecated. Use style.pointerEvents
[2026-08-15T15:45:24.962Z] [1] Web node_modules/expo-router/entry.js ░░░░░░░░░░░░░░░░  0.0% (0/1)
[2026-08-15T15:45:24.979Z] [1] Web Bundled 357ms node_modules/expo-router/entry.js (1 module)
[2026-08-15T15:45:25.324Z] [1] Web Bundled 49ms node_modules/expo-router/entry.js (1 module)
[2026-08-15T15:45:26.836Z] [1] EXPO_USE_METRO_WORKSPACE_ROOT is enabled by default, use EXPO_NO_METRO_WORKSPACE_ROOT instead to disable.
[2026-08-15T15:45:26.837Z] [1] EXPO_USE_METRO_WORKSPACE_ROOT is enabled by default, use EXPO_NO_METRO_WORKSPACE_ROOT instead to disable.
[2026-08-15T15:45:27.001Z] [1] λ Bundled 38ms node_modules/expo-router/node/render.js (1 module)
[2026-08-15T15:45:27.118Z] [1] λ  LOG  { colorScheme: 'light', setColorScheme: [Function (anonymous)] } {
[2026-08-15T15:45:27.118Z] [1]   '--color-primary': '#6D5DF5',
[2026-08-15T15:45:27.118Z] [1]   '--color-background': '#F6F7FB',
[2026-08-15T15:45:27.118Z] [1]   '--color-surface': '#FFFFFF',
[2026-08-15T15:45:27.118Z] [1]   '--color-foreground': '#171827',
[2026-08-15T15:45:27.118Z] [1]   '--color-muted': '#85879A',
[2026-08-15T15:45:27.118Z] [1]   '--color-border': '#E7E8F0',
[2026-08-15T15:45:27.118Z] [1]   '--color-success': '#42D6B5',
[2026-08-15T15:45:27.118Z] [1]   '--color-warning': '#F59E0B',
[2026-08-15T15:45:27.118Z] [1]   '--color-error': '#EF4444'
[2026-08-15T15:45:27.118Z] [1] }
[2026-08-15T15:45:27.149Z] [1] λ  WARN  props.pointerEvents is deprecated. Use style.pointerEvents
[2026-08-15T15:45:27.153Z] [1] Web node_modules/expo-router/entry.js ░░░░░░░░░░░░░░░░  0.0% (0/1)
[2026-08-15T15:45:27.168Z] [1] Web Bundled 329ms node_modules/expo-router/entry.js (1 module)
[2026-08-15T15:45:27.762Z] [1] EXPO_USE_METRO_WORKSPACE_ROOT is enabled by default, use EXPO_NO_METRO_WORKSPACE_ROOT instead to disable.
[2026-08-15T15:45:27.764Z] [1] EXPO_USE_METRO_WORKSPACE_ROOT is enabled by default, use EXPO_NO_METRO_WORKSPACE_ROOT instead to disable.
[2026-08-15T15:45:28.045Z] ELIFECYCLE  Command failed.
[2026-08-15T15:45:28.059Z] [1]  ELIFECYCLE  Command failed.
[2026-08-15T15:45:28.059Z] [0]  ELIFECYCLE  Command failed.
[2026-08-15T15:45:28.084Z] [0] 3:45:28 PM [tsx] Previous process hasn't exited yet. Force killing...
[2026-08-15T15:45:28.115Z] [0] pnpm dev:server exited with code SIGTERM
[2026-08-15T15:45:28.115Z] --> Sending SIGTERM to other processes..
[2026-08-15T15:45:28.544Z] [1] pnpm dev:metro exited with code SIGTERM
[2026-08-15T15:45:29.453Z] Lockfile is up to date, resolution step is skipped
[2026-08-15T15:45:29.809Z] Progress: resolved 0, reused 1, downloaded 0, added 0
[2026-08-15T15:45:30.069Z] Dev server exited with code -1
[2026-08-15T15:45:31.086Z] Starting dev server with command: pnpm run dev
[2026-08-15T15:45:32.266Z] > app-template@1.0.0 dev /home/ubuntu/android-chat-app
[2026-08-15T15:45:32.266Z] > concurrently -k "pnpm dev:server" "pnpm dev:metro"
[2026-08-15T15:45:32.991Z] [0]
[2026-08-15T15:45:32.991Z] [0] > app-template@1.0.0 dev:server /home/ubuntu/android-chat-app
[2026-08-15T15:45:32.991Z] [0] > cross-env NODE_ENV=development tsx watch server/_core/index.ts
[2026-08-15T15:45:32.991Z] [0]
[2026-08-15T15:45:32.992Z] [1]
[2026-08-15T15:45:32.992Z] [1] > app-template@1.0.0 dev:metro /home/ubuntu/android-chat-app
[2026-08-15T15:45:32.992Z] [1] > cross-env EXPO_USE_METRO_WORKSPACE_ROOT=1 npx expo start --web --port ${EXPO_PORT:-8081}
[2026-08-15T15:45:32.992Z] [1]
[2026-08-15T15:45:33.864Z] [1] Starting project at /home/ubuntu/android-chat-app
[2026-08-15T15:45:34.348Z] [1] EXPO_USE_METRO_WORKSPACE_ROOT is enabled by default, use EXPO_NO_METRO_WORKSPACE_ROOT instead to disable.
[2026-08-15T15:45:34.744Z] [1] EXPO_USE_METRO_WORKSPACE_ROOT is enabled by default, use EXPO_NO_METRO_WORKSPACE_ROOT instead to disable.
[2026-08-15T15:45:34.744Z] [1] EXPO_USE_METRO_WORKSPACE_ROOT is enabled by default, use EXPO_NO_METRO_WORKSPACE_ROOT instead to disable.
[2026-08-15T15:45:34.745Z] [1] EXPO_USE_METRO_WORKSPACE_ROOT is enabled by default, use EXPO_NO_METRO_WORKSPACE_ROOT instead to disable.
[2026-08-15T15:45:34.997Z] [1] React Compiler enabled
[2026-08-15T15:45:35.184Z] [1] Starting Metro Bundler
[2026-08-15T15:45:35.222Z] [1] EXPO_USE_METRO_WORKSPACE_ROOT is enabled by default, use EXPO_NO_METRO_WORKSPACE_ROOT instead to disable.
[2026-08-15T15:45:35.314Z] [1] EXPO_USE_METRO_WORKSPACE_ROOT is enabled by default, use EXPO_NO_METRO_WORKSPACE_ROOT instead to disable.
[2026-08-15T15:45:35.316Z] [1] EXPO_USE_METRO_WORKSPACE_ROOT is enabled by default, use EXPO_NO_METRO_WORKSPACE_ROOT instead to disable.
[2026-08-15T15:45:36.230Z] [1] EXPO_USE_METRO_WORKSPACE_ROOT is enabled by default, use EXPO_NO_METRO_WORKSPACE_ROOT instead to disable.
[2026-08-15T15:45:36.231Z] [1] EXPO_USE_METRO_WORKSPACE_ROOT is enabled by default, use EXPO_NO_METRO_WORKSPACE_ROOT instead to disable.
[2026-08-15T15:45:36.660Z] [0] [OAuth] Initialized with baseURL: https://api.manus.im
[2026-08-15T15:45:36.788Z] [0] [api] server listening on port 3000
[2026-08-15T15:45:39.256Z] [1] EXPO_USE_METRO_WORKSPACE_ROOT is enabled by default, use EXPO_NO_METRO_WORKSPACE_ROOT instead to disable.
[2026-08-15T15:45:39.257Z] [1] EXPO_USE_METRO_WORKSPACE_ROOT is enabled by default, use EXPO_NO_METRO_WORKSPACE_ROOT instead to disable.
[2026-08-15T15:45:40.208Z] [1] EXPO_USE_METRO_WORKSPACE_ROOT is enabled by default, use EXPO_NO_METRO_WORKSPACE_ROOT instead to disable.
[2026-08-15T15:45:40.209Z] [1] EXPO_USE_METRO_WORKSPACE_ROOT is enabled by default, use EXPO_NO_METRO_WORKSPACE_ROOT instead to disable.
[2026-08-15T15:45:40.825Z] [1] EXPO_USE_METRO_WORKSPACE_ROOT is enabled by default, use EXPO_NO_METRO_WORKSPACE_ROOT instead to disable.
[2026-08-15T15:45:40.826Z] [1] EXPO_USE_METRO_WORKSPACE_ROOT is enabled by default, use EXPO_NO_METRO_WORKSPACE_ROOT instead to disable.
[2026-08-15T15:45:41.391Z] [1] EXPO_USE_METRO_WORKSPACE_ROOT is enabled by default, use EXPO_NO_METRO_WORKSPACE_ROOT instead to disable.
[2026-08-15T15:45:41.392Z] [1] EXPO_USE_METRO_WORKSPACE_ROOT is enabled by default, use EXPO_NO_METRO_WORKSPACE_ROOT instead to disable.
[2026-08-15T15:45:41.707Z] [1] EXPO_USE_METRO_WORKSPACE_ROOT is enabled by default, use EXPO_NO_METRO_WORKSPACE_ROOT instead to disable.
[2026-08-15T15:45:41.708Z] [1] EXPO_USE_METRO_WORKSPACE_ROOT is enabled by default, use EXPO_NO_METRO_WORKSPACE_ROOT instead to disable.
[2026-08-15T15:45:41.906Z] [1] Web node_modules/expo-router/entry.js ░░░░░░░░░░░░░░░░  0.0% (0/1)
[2026-08-15T15:45:41.907Z] [1] λ node_modules/expo-router/node/render.js ░░░░░░░░░░░░░░░░  0.0% (0/1)
[2026-08-15T15:45:41.907Z] [1] Web node_modules/expo-router/entry.js ░░░░░░░░░░░░░░░░  0.0% (0/1)
[2026-08-15T15:45:41.907Z] [1] λ node_modules/expo-router/node/render.js ░░░░░░░░░░░░░░░░  0.0% (0/1)
[2026-08-15T15:45:41.907Z] [1] Web node_modules/expo-router/entry.js ░░░░░░░░░░░░░░░░  0.0% (0/1)
[2026-08-15T15:45:41.907Z] [1] λ node_modules/expo-router/node/render.js ░░░░░░░░░░░░░░░░  0.0% (0/1)
[2026-08-15T15:45:41.907Z] [1] Web node_modules/expo-router/entry.js ░░░░░░░░░░░░░░░░  0.0% (0/1)
[2026-08-15T15:45:41.907Z] [1] λ node_modules/expo-router/node/render.js ░░░░░░░░░░░░░░░░  0.0% (0/1)
[2026-08-15T15:45:41.907Z] [1] Web node_modules/expo-router/entry.js ░░░░░░░░░░░░░░░░  0.0% (0/1)
[2026-08-15T15:45:41.907Z] [1] λ node_modules/expo-router/node/render.js ░░░░░░░░░░░░░░░░  0.0% (0/1)
[2026-08-15T15:45:41.907Z] [1] Web node_modules/expo-router/entry.js ░░░░░░░░░░░░░░░░  0.0% (0/1)
[2026-08-15T15:45:41.907Z] [1] λ node_modules/expo-router/node/render.js ░░░░░░░░░░░░░░░░  0.0% (0/1)
[2026-08-15T15:45:41.907Z] [1] Web node_modules/expo-router/entry.js ░░░░░░░░░░░░░░░░  0.0% (0/1)
[2026-08-15T15:45:41.907Z] [1] λ node_modules/expo-router/node/render.js ░░░░░░░░░░░░░░░░  0.0% (0/1)
[2026-08-15T15:45:42.224Z] [1] EXPO_USE_METRO_WORKSPACE_ROOT is enabled by default, use EXPO_NO_METRO_WORKSPACE_ROOT instead to disable.
[2026-08-15T15:45:42.225Z] [1] EXPO_USE_METRO_WORKSPACE_ROOT is enabled by default, use EXPO_NO_METRO_WORKSPACE_ROOT instead to disable.
[2026-08-15T15:45:43.532Z] [1] EXPO_USE_METRO_WORKSPACE_ROOT is enabled by default, use EXPO_NO_METRO_WORKSPACE_ROOT instead to disable.
[2026-08-15T15:45:43.533Z] [1] EXPO_USE_METRO_WORKSPACE_ROOT is enabled by default, use EXPO_NO_METRO_WORKSPACE_ROOT instead to disable.
[2026-08-15T15:45:44.334Z] [1] EXPO_USE_METRO_WORKSPACE_ROOT is enabled by default, use EXPO_NO_METRO_WORKSPACE_ROOT instead to disable.
[2026-08-15T15:45:44.335Z] [1] EXPO_USE_METRO_WORKSPACE_ROOT is enabled by default, use EXPO_NO_METRO_WORKSPACE_ROOT instead to disable.
[2026-08-15T15:45:44.430Z] [1] The following packages should be updated for best compatibility with the installed expo version:
[2026-08-15T15:45:44.431Z] [1]   expo@54.0.29 - expected version: ~54.0.36
[2026-08-15T15:45:44.431Z] [1]   expo-audio@1.1.0 - expected version: ~1.1.1
[2026-08-15T15:45:44.431Z] [1]   expo-constants@18.0.12 - expected version: ~18.0.13
[2026-08-15T15:45:44.431Z] [1]   expo-font@14.0.10 - expected version: ~14.0.12
[2026-08-15T15:45:44.431Z] [1]   expo-linking@8.0.10 - expected version: ~8.0.12
[2026-08-15T15:45:44.431Z] [1]   expo-notifications@0.32.15 - expected version: ~0.32.17
[2026-08-15T15:45:44.431Z] [1]   expo-router@6.0.19 - expected version: ~6.0.24
[2026-08-15T15:45:44.431Z] [1]   expo-splash-screen@31.0.12 - expected version: ~31.0.13
[2026-08-15T15:45:44.431Z] [1]   expo-video@3.0.15 - expected version: ~3.0.16
[2026-08-15T15:45:44.431Z] [1]   expo-web-browser@15.0.10 - expected version: ~15.0.11
[2026-08-15T15:45:44.431Z] [1] Your project may not work correctly until you install the expected versions of the packages.
[2026-08-15T15:45:44.440Z] [1] Waiting on http://localhost:8081
[2026-08-15T15:45:44.440Z] [1] Logs for your project will appear below.
[2026-08-15T15:45:44.440Z] [1] Web node_modules/expo-router/entry.js ▓▓▓▓▓▓▓▓▓▓▓▓▓▓░░ 87.6% (1151/1230)
[2026-08-15T15:45:44.440Z] [1] λ node_modules/expo-router/node/render.js ▓▓▓▓▓▓▓▓▓▓▓▓▓▓░░ 90.4% (1126/1184)
[2026-08-15T15:45:44.440Z] [1] Web node_modules/expo-router/entry.js ░░░░░░░░░░░░░░░░  0.0% (0/1)
[2026-08-15T15:45:44.440Z] [1] λ node_modules/expo-router/node/render.js ░░░░░░░░░░░░░░░░  0.0% (0/1)
[2026-08-15T15:45:44.440Z] [1] Web node_modules/expo-router/entry.js ░░░░░░░░░░░░░░░░  0.0% (0/1)
[2026-08-15T15:45:44.440Z] [1] λ node_modules/expo-router/node/render.js ░░░░░░░░░░░░░░░░  0.0% (0/1)
[2026-08-15T15:45:44.440Z] [1] Web node_modules/expo-router/entry.js ░░░░░░░░░░░░░░░░  0.0% (0/1)
[2026-08-15T15:45:44.440Z] [1] λ node_modules/expo-router/node/render.js ░░░░░░░░░░░░░░░░  0.0% (0/1)
[2026-08-15T15:45:44.440Z] [1] Web node_modules/expo-router/entry.js ░░░░░░░░░░░░░░░░  0.0% (0/1)
[2026-08-15T15:45:44.440Z] [1] λ node_modules/expo-router/node/render.js ░░░░░░░░░░░░░░░░  0.0% (0/1)
[2026-08-15T15:45:44.440Z] [1] Web node_modules/expo-router/entry.js ░░░░░░░░░░░░░░░░  0.0% (0/1)
[2026-08-15T15:45:44.440Z] [1] λ node_modules/expo-router/node/render.js ░░░░░░░░░░░░░░░░  0.0% (0/1)
[2026-08-15T15:45:44.440Z] [1] Web node_modules/expo-router/entry.js ░░░░░░░░░░░░░░░░  0.0% (0/1)
[2026-08-15T15:45:44.440Z] [1] λ node_modules/expo-router/node/render.js ░░░░░░░░░░░░░░░░  0.0% (0/1)
[2026-08-15T15:45:44.440Z] [1] Web node_modules/expo-router/entry.js ░░░░░░░░░░░░░░░░  0.0% (0/1)
[2026-08-15T15:45:44.440Z] [1] λ node_modules/expo-router/node/render.js ░░░░░░░░░░░░░░░░  0.0% (0/1)
[2026-08-15T15:45:44.440Z] [1] Web node_modules/expo-router/entry.js ░░░░░░░░░░░░░░░░  0.0% (0/1)
[2026-08-15T15:45:44.440Z] [1] λ node_modules/expo-router/node/render.js ░░░░░░░░░░░░░░░░  0.0% (0/1)
[2026-08-15T15:45:44.440Z] [1] Web node_modules/expo-router/entry.js ░░░░░░░░░░░░░░░░  0.0% (0/1)
[2026-08-15T15:45:44.440Z] [1] λ node_modules/expo-router/node/render.js ░░░░░░░░░░░░░░░░  0.0% (0/1)
[2026-08-15T15:45:44.526Z] [1] λ Bundled 2642ms node_modules/expo-router/node/render.js (1184 modules)
[2026-08-15T15:45:46.496Z] [1] λ  LOG  { colorScheme: 'light', setColorScheme: [Function (anonymous)] } {
[2026-08-15T15:45:46.496Z] [1]   '--color-primary': '#6D5DF5',
[2026-08-15T15:45:46.496Z] [1]   '--color-background': '#F6F7FB',
[2026-08-15T15:45:46.496Z] [1]   '--color-surface': '#FFFFFF',
[2026-08-15T15:45:46.496Z] [1]   '--color-foreground': '#171827',
[2026-08-15T15:45:46.496Z] [1]   '--color-muted': '#85879A',
[2026-08-15T15:45:46.496Z] [1]   '--color-border': '#E7E8F0',
[2026-08-15T15:45:46.496Z] [1]   '--color-success': '#42D6B5',
[2026-08-15T15:45:46.496Z] [1]   '--color-warning': '#F59E0B',
[2026-08-15T15:45:46.496Z] [1]   '--color-error': '#EF4444'
[2026-08-15T15:45:46.496Z] [1] }
[2026-08-15T15:45:46.557Z] [1] λ  WARN  props.pointerEvents is deprecated. Use style.pointerEvents
[2026-08-15T15:45:46.568Z] [1] Web node_modules/expo-router/entry.js ▓▓▓▓▓▓▓▓▓▓▓▓▓▓▓░ 94.7% (1299/1335)
[2026-08-15T15:45:46.568Z] [1] Web node_modules/expo-router/entry.js ░░░░░░░░░░░░░░░░  0.0% (0/1)
[2026-08-15T15:45:46.568Z] [1] λ node_modules/expo-router/node/render.js ░░░░░░░░░░░░░░░░  0.0% (0/1)
[2026-08-15T15:45:46.568Z] [1] Web node_modules/expo-router/entry.js ░░░░░░░░░░░░░░░░  0.0% (0/1)
[2026-08-15T15:45:46.568Z] [1] λ node_modules/expo-router/node/render.js ░░░░░░░░░░░░░░░░  0.0% (0/1)
[2026-08-15T15:45:46.568Z] [1] Web node_modules/expo-router/entry.js ░░░░░░░░░░░░░░░░  0.0% (0/1)
[2026-08-15T15:45:46.568Z] [1] λ node_modules/expo-router/node/render.js ░░░░░░░░░░░░░░░░  0.0% (0/1)
[2026-08-15T15:45:46.568Z] [1] Web node_modules/expo-router/entry.js ░░░░░░░░░░░░░░░░  0.0% (0/1)
[2026-08-15T15:45:46.568Z] [1] λ node_modules/expo-router/node/render.js ░░░░░░░░░░░░░░░░  0.0% (0/1)
[2026-08-15T15:45:46.568Z] [1] Web node_modules/expo-router/entry.js ░░░░░░░░░░░░░░░░  0.0% (0/1)
[2026-08-15T15:45:46.568Z] [1] λ node_modules/expo-router/node/render.js ░░░░░░░░░░░░░░░░  0.0% (0/1)
[2026-08-15T15:45:46.568Z] [1] Web node_modules/expo-router/entry.js ░░░░░░░░░░░░░░░░  0.0% (0/1)
[2026-08-15T15:45:46.568Z] [1] λ node_modules/expo-router/node/render.js ░░░░░░░░░░░░░░░░  0.0% (0/1)
[2026-08-15T15:45:46.568Z] [1] Web node_modules/expo-router/entry.js ░░░░░░░░░░░░░░░░  0.0% (0/1)
[2026-08-15T15:45:46.568Z] [1] λ node_modules/expo-router/node/render.js ░░░░░░░░░░░░░░░░  0.0% (0/1)
[2026-08-15T15:45:46.568Z] [1] Web node_modules/expo-router/entry.js ░░░░░░░░░░░░░░░░  0.0% (0/1)
[2026-08-15T15:45:46.568Z] [1] λ node_modules/expo-router/node/render.js ░░░░░░░░░░░░░░░░  0.0% (0/1)
[2026-08-15T15:45:46.568Z] [1] Web node_modules/expo-router/entry.js ░░░░░░░░░░░░░░░░  0.0% (0/1)
[2026-08-15T15:45:46.568Z] [1] λ node_modules/expo-router/node/render.js ░░░░░░░░░░░░░░░░  0.0% (0/1)
[2026-08-15T15:45:46.684Z] [1] λ Bundled 4800ms node_modules/expo-router/node/render.js (1 module)
[2026-08-15T15:45:47.382Z] [1] EXPO_USE_METRO_WORKSPACE_ROOT is enabled by default, use EXPO_NO_METRO_WORKSPACE_ROOT instead to disable.
[2026-08-15T15:45:47.383Z] [1] EXPO_USE_METRO_WORKSPACE_ROOT is enabled by default, use EXPO_NO_METRO_WORKSPACE_ROOT instead to disable.
[2026-08-15T15:45:47.966Z] [1] λ Bundled 4878ms node_modules/expo-router/node/render.js (1 module)
[2026-08-15T15:45:47.966Z] [1] λ Bundled 4905ms node_modules/expo-router/node/render.js (1 module)
[2026-08-15T15:45:47.966Z] [1] λ Bundled 4924ms node_modules/expo-router/node/render.js (1 module)
[2026-08-15T15:45:47.966Z] [1] λ Bundled 4949ms node_modules/expo-router/node/render.js (1 module)
[2026-08-15T15:45:47.966Z] [1] λ Bundled 4972ms node_modules/expo-router/node/render.js (1 module)
[2026-08-15T15:45:47.966Z] [1] λ Bundled 4657ms node_modules/expo-router/node/render.js (1 module)
[2026-08-15T15:45:47.966Z] [1] λ Bundled 3370ms node_modules/expo-router/node/render.js (1 module)
[2026-08-15T15:45:47.966Z] [1] λ Bundled 2593ms node_modules/expo-router/node/render.js (1 module)
[2026-08-15T15:45:47.966Z] [1] λ Bundled 11ms node_modules/expo-router/node/render.js (1 module)
[2026-08-15T15:45:48.013Z] [1] EXPO_USE_METRO_WORKSPACE_ROOT is enabled by default, use EXPO_NO_METRO_WORKSPACE_ROOT instead to disable.
[2026-08-15T15:45:48.032Z] [1] EXPO_USE_METRO_WORKSPACE_ROOT is enabled by default, use EXPO_NO_METRO_WORKSPACE_ROOT instead to disable.
[2026-08-15T15:45:48.343Z] [1] λ  WARN  props.pointerEvents is deprecated. Use style.pointerEvents
[2026-08-15T15:45:48.514Z] [1] λ  WARN  props.pointerEvents is deprecated. Use style.pointerEvents
[2026-08-15T15:45:48.686Z] [1] λ  WARN  props.pointerEvents is deprecated. Use style.pointerEvents
[2026-08-15T15:45:48.874Z] [1] λ  WARN  props.pointerEvents is deprecated. Use style.pointerEvents
[2026-08-15T15:45:49.063Z] [1] λ  WARN  props.pointerEvents is deprecated. Use style.pointerEvents
[2026-08-15T15:45:49.236Z] [1] λ  WARN  props.pointerEvents is deprecated. Use style.pointerEvents
[2026-08-15T15:45:49.422Z] [1] λ  WARN  props.pointerEvents is deprecated. Use style.pointerEvents
[2026-08-15T15:45:49.586Z] [1] λ  WARN  props.pointerEvents is deprecated. Use style.pointerEvents
[2026-08-15T15:45:49.744Z] [1] λ  WARN  props.pointerEvents is deprecated. Use style.pointerEvents
[2026-08-15T15:45:49.908Z] [1] λ  WARN  props.pointerEvents is deprecated. Use style.pointerEvents
[2026-08-15T15:45:49.965Z] [1] λ Bundled 25ms node_modules/expo-router/node/render.js (1 module)
[2026-08-15T15:45:49.965Z] [1] λ  LOG  { colorScheme: 'light', setColorScheme: [Function (anonymous)] } {
[2026-08-15T15:45:49.965Z] [1]   '--color-primary': '#6D5DF5',
[2026-08-15T15:45:49.965Z] [1]   '--color-background': '#F6F7FB',
[2026-08-15T15:45:49.965Z] [1]   '--color-surface': '#FFFFFF',
[2026-08-15T15:45:49.965Z] [1]   '--color-foreground': '#171827',
[2026-08-15T15:45:49.965Z] [1]   '--color-muted': '#85879A',
[2026-08-15T15:45:49.965Z] [1]   '--color-border': '#E7E8F0',
[2026-08-15T15:45:49.965Z] [1]   '--color-success': '#42D6B5',
[2026-08-15T15:45:49.965Z] [1]   '--color-warning': '#F59E0B',
[2026-08-15T15:45:49.965Z] [1]   '--color-error': '#EF4444'
[2026-08-15T15:45:49.965Z] [1] }
[2026-08-15T15:45:49.965Z] [1] λ  LOG  { colorScheme: 'light', setColorScheme: [Function (anonymous)] } {
[2026-08-15T15:45:49.965Z] [1]   '--color-primary': '#6D5DF5',
[2026-08-15T15:45:49.965Z] [1]   '--color-background': '#F6F7FB',
[2026-08-15T15:45:49.965Z] [1]   '--color-surface': '#FFFFFF',
[2026-08-15T15:45:49.965Z] [1]   '--color-foreground': '#171827',
[2026-08-15T15:45:49.965Z] [1]   '--color-muted': '#85879A',
[2026-08-15T15:45:49.965Z] [1]   '--color-border': '#E7E8F0',
[2026-08-15T15:45:49.965Z] [1]   '--color-success': '#42D6B5',
[2026-08-15T15:45:49.965Z] [1]   '--color-warning': '#F59E0B',
[2026-08-15T15:45:49.965Z] [1]   '--color-error': '#EF4444'
[2026-08-15T15:45:49.965Z] [1] }
[2026-08-15T15:45:49.965Z] [1] λ  LOG  { colorScheme: 'light', setColorScheme: [Function (anonymous)] } {
[2026-08-15T15:45:49.966Z] [1]   '--color-primary': '#6D5DF5',
[2026-08-15T15:45:49.966Z] [1]   '--color-background': '#F6F7FB',
[2026-08-15T15:45:49.966Z] [1]   '--color-surface': '#FFFFFF',
[2026-08-15T15:45:49.966Z] [1]   '--color-foreground': '#171827',
[2026-08-15T15:45:49.966Z] [1]   '--color-muted': '#85879A',
[2026-08-15T15:45:49.966Z] [1]   '--color-border': '#E7E8F0',
[2026-08-15T15:45:49.966Z] [1]   '--color-success': '#42D6B5',
[2026-08-15T15:45:49.966Z] [1]   '--color-warning': '#F59E0B',
[2026-08-15T15:45:49.966Z] [1]   '--color-error': '#EF4444'
[2026-08-15T15:45:49.966Z] [1] }
[2026-08-15T15:45:49.966Z] [1] λ  LOG  { colorScheme: 'light', setColorScheme: [Function (anonymous)] } {
[2026-08-15T15:45:49.966Z] [1]   '--color-primary': '#6D5DF5',
[2026-08-15T15:45:49.966Z] [1]   '--color-background': '#F6F7FB',
[2026-08-15T15:45:49.966Z] [1]   '--color-surface': '#FFFFFF',
[2026-08-15T15:45:49.966Z] [1]   '--color-foreground': '#171827',
[2026-08-15T15:45:49.966Z] [1]   '--color-muted': '#85879A',
[2026-08-15T15:45:49.966Z] [1]   '--color-border': '#E7E8F0',
[2026-08-15T15:45:49.966Z] [1]   '--color-success': '#42D6B5',
[2026-08-15T15:45:49.966Z] [1]   '--color-warning': '#F59E0B',
[2026-08-15T15:45:49.966Z] [1]   '--color-error': '#EF4444'
[2026-08-15T15:45:49.966Z] [1] }
[2026-08-15T15:45:49.966Z] [1] λ  LOG  { colorScheme: 'light', setColorScheme: [Function (anonymous)] } {
[2026-08-15T15:45:49.966Z] [1]   '--color-primary': '#6D5DF5',
[2026-08-15T15:45:49.966Z] [1]   '--color-background': '#F6F7FB',
[2026-08-15T15:45:49.966Z] [1]   '--color-surface': '#FFFFFF',
[2026-08-15T15:45:49.966Z] [1]   '--color-foreground': '#171827',
[2026-08-15T15:45:49.966Z] [1]   '--color-muted': '#85879A',
[2026-08-15T15:45:49.966Z] [1]   '--color-border': '#E7E8F0',
[2026-08-15T15:45:49.966Z] [1]   '--color-success': '#42D6B5',
[2026-08-15T15:45:49.966Z] [1]   '--color-warning': '#F59E0B',
[2026-08-15T15:45:49.966Z] [1]   '--color-error': '#EF4444'
[2026-08-15T15:45:49.966Z] [1] }
[2026-08-15T15:45:49.966Z] [1] λ  LOG  { colorScheme: 'light', setColorScheme: [Function (anonymous)] } {
[2026-08-15T15:45:49.966Z] [1]   '--color-primary': '#6D5DF5',
[2026-08-15T15:45:49.966Z] [1]   '--color-background': '#F6F7FB',
[2026-08-15T15:45:49.966Z] [1]   '--color-surface': '#FFFFFF',
[2026-08-15T15:45:49.966Z] [1]   '--color-foreground': '#171827',
[2026-08-15T15:45:49.966Z] [1]   '--color-muted': '#85879A',
[2026-08-15T15:45:49.966Z] [1]   '--color-border': '#E7E8F0',
[2026-08-15T15:45:49.966Z] [1]   '--color-success': '#42D6B5',
[2026-08-15T15:45:49.966Z] [1]   '--color-warning': '#F59E0B',
[2026-08-15T15:45:49.966Z] [1]   '--color-error': '#EF4444'
[2026-08-15T15:45:49.966Z] [1] }
[2026-08-15T15:45:49.966Z] [1] λ  LOG  { colorScheme: 'light', setColorScheme: [Function (anonymous)] } {
[2026-08-15T15:45:49.966Z] [1]   '--color-primary': '#6D5DF5',
[2026-08-15T15:45:49.966Z] [1]   '--color-background': '#F6F7FB',
[2026-08-15T15:45:49.966Z] [1]   '--color-surface': '#FFFFFF',
[2026-08-15T15:45:49.966Z] [1]   '--color-foreground': '#171827',
[2026-08-15T15:45:49.966Z] [1]   '--color-muted': '#85879A',
[2026-08-15T15:45:49.966Z] [1]   '--color-border': '#E7E8F0',
[2026-08-15T15:45:49.966Z] [1]   '--color-success': '#42D6B5',
[2026-08-15T15:45:49.966Z] [1]   '--color-warning': '#F59E0B',
[2026-08-15T15:45:49.966Z] [1]   '--color-error': '#EF4444'
[2026-08-15T15:45:49.966Z] [1] }
[2026-08-15T15:45:49.966Z] [1] λ  LOG  { colorScheme: 'light', setColorScheme: [Function (anonymous)] } {
[2026-08-15T15:45:49.966Z] [1]   '--color-primary': '#6D5DF5',
[2026-08-15T15:45:49.966Z] [1]   '--color-background': '#F6F7FB',
[2026-08-15T15:45:49.966Z] [1]   '--color-surface': '#FFFFFF',
[2026-08-15T15:45:49.966Z] [1]   '--color-foreground': '#171827',
[2026-08-15T15:45:49.966Z] [1]   '--color-muted': '#85879A',
[2026-08-15T15:45:49.966Z] [1]   '--color-border': '#E7E8F0',
[2026-08-15T15:45:49.966Z] [1]   '--color-success': '#42D6B5',
[2026-08-15T15:45:49.966Z] [1]   '--color-warning': '#F59E0B',
[2026-08-15T15:45:49.966Z] [1]   '--color-error': '#EF4444'
[2026-08-15T15:45:49.966Z] [1] }
[2026-08-15T15:45:49.966Z] [1] λ  LOG  { colorScheme: 'light', setColorScheme: [Function (anonymous)] } {
[2026-08-15T15:45:49.966Z] [1]   '--color-primary': '#6D5DF5',
[2026-08-15T15:45:49.966Z] [1]   '--color-background': '#F6F7FB',
[2026-08-15T15:45:49.966Z] [1]   '--color-surface': '#FFFFFF',
[2026-08-15T15:45:49.966Z] [1]   '--color-foreground': '#171827',
[2026-08-15T15:45:49.966Z] [1]   '--color-muted': '#85879A',
[2026-08-15T15:45:49.967Z] [1]   '--color-border': '#E7E8F0',
[2026-08-15T15:45:49.967Z] [1]   '--color-success': '#42D6B5',
[2026-08-15T15:45:49.967Z] [1]   '--color-warning': '#F59E0B',
[2026-08-15T15:45:49.967Z] [1]   '--color-error': '#EF4444'
[2026-08-15T15:45:49.967Z] [1] }
[2026-08-15T15:45:49.967Z] [1] λ  LOG  { colorScheme: 'light', setColorScheme: [Function (anonymous)] } {
[2026-08-15T15:45:49.967Z] [1]   '--color-primary': '#6D5DF5',
[2026-08-15T15:45:49.967Z] [1]   '--color-background': '#F6F7FB',
[2026-08-15T15:45:49.967Z] [1]   '--color-surface': '#FFFFFF',
[2026-08-15T15:45:49.967Z] [1]   '--color-foreground': '#171827',
[2026-08-15T15:45:49.967Z] [1]   '--color-muted': '#85879A',
[2026-08-15T15:45:49.967Z] [1]   '--color-border': '#E7E8F0',
[2026-08-15T15:45:49.967Z] [1]   '--color-success': '#42D6B5',
[2026-08-15T15:45:49.967Z] [1]   '--color-warning': '#F59E0B',
[2026-08-15T15:45:49.967Z] [1]   '--color-error': '#EF4444'
[2026-08-15T15:45:49.967Z] [1] }
[2026-08-15T15:45:49.967Z] [1] Web node_modules/expo-router/entry.js ▓▓▓▓▓▓▓▓▓▓▓▓▓▓▓░ 97.2% (1338/1357)
[2026-08-15T15:45:49.967Z] [1] Web node_modules/expo-router/entry.js ░░░░░░░░░░░░░░░░  0.0% (0/1)
[2026-08-15T15:45:49.967Z] [1] Web node_modules/expo-router/entry.js ░░░░░░░░░░░░░░░░  0.0% (0/1)
[2026-08-15T15:45:49.967Z] [1] Web node_modules/expo-router/entry.js ░░░░░░░░░░░░░░░░  0.0% (0/1)
[2026-08-15T15:45:49.967Z] [1] Web node_modules/expo-router/entry.js ░░░░░░░░░░░░░░░░  0.0% (0/1)
[2026-08-15T15:45:49.967Z] [1] Web node_modules/expo-router/entry.js ░░░░░░░░░░░░░░░░  0.0% (0/1)
[2026-08-15T15:45:49.967Z] [1] Web node_modules/expo-router/entry.js ░░░░░░░░░░░░░░░░  0.0% (0/1)
[2026-08-15T15:45:49.967Z] [1] Web node_modules/expo-router/entry.js ░░░░░░░░░░░░░░░░  0.0% (0/1)
[2026-08-15T15:45:49.967Z] [1] Web node_modules/expo-router/entry.js ░░░░░░░░░░░░░░░░  0.0% (0/1)
[2026-08-15T15:45:49.967Z] [1] Web node_modules/expo-router/entry.js ░░░░░░░░░░░░░░░░  0.0% (0/1)
[2026-08-15T15:45:49.967Z] [1] Web node_modules/expo-router/entry.js ░░░░░░░░░░░░░░░░  0.0% (0/1)
[2026-08-15T15:45:49.967Z] [1] Web node_modules/expo-router/entry.js ░░░░░░░░░░░░░░░░  0.0% (0/1)
[2026-08-15T15:45:49.967Z] [1] EXPO_USE_METRO_WORKSPACE_ROOT is enabled by default, use EXPO_NO_METRO_WORKSPACE_ROOT instead to disable.
[2026-08-15T15:45:49.968Z] [1] EXPO_USE_METRO_WORKSPACE_ROOT is enabled by default, use EXPO_NO_METRO_WORKSPACE_ROOT instead to disable.
[2026-08-15T15:45:50.249Z] [1] λ  WARN  props.pointerEvents is deprecated. Use style.pointerEvents
[2026-08-15T15:45:50.343Z] [1] λ Bundled 18ms node_modules/expo-router/node/render.js (1 module)
[2026-08-15T15:45:50.343Z] [1] λ  LOG  { colorScheme: 'light', setColorScheme: [Function (anonymous)] } {
[2026-08-15T15:45:50.343Z] [1]   '--color-primary': '#6D5DF5',
[2026-08-15T15:45:50.343Z] [1]   '--color-background': '#F6F7FB',
[2026-08-15T15:45:50.343Z] [1]   '--color-surface': '#FFFFFF',
[2026-08-15T15:45:50.343Z] [1]   '--color-foreground': '#171827',
[2026-08-15T15:45:50.343Z] [1]   '--color-muted': '#85879A',
[2026-08-15T15:45:50.343Z] [1]   '--color-border': '#E7E8F0',
[2026-08-15T15:45:50.343Z] [1]   '--color-success': '#42D6B5',
[2026-08-15T15:45:50.343Z] [1]   '--color-warning': '#F59E0B',
[2026-08-15T15:45:50.343Z] [1]   '--color-error': '#EF4444'
[2026-08-15T15:45:50.343Z] [1] }
[2026-08-15T15:45:50.343Z] [1] Web node_modules/expo-router/entry.js ▓▓▓▓▓▓▓▓▓▓▓▓▓▓▓░ 97.2% (1338/1357)
[2026-08-15T15:45:50.343Z] [1] Web node_modules/expo-router/entry.js ░░░░░░░░░░░░░░░░  0.0% (0/1)
[2026-08-15T15:45:50.343Z] [1] Web node_modules/expo-router/entry.js ░░░░░░░░░░░░░░░░  0.0% (0/1)
[2026-08-15T15:45:50.343Z] [1] Web node_modules/expo-router/entry.js ░░░░░░░░░░░░░░░░  0.0% (0/1)
[2026-08-15T15:45:50.343Z] [1] Web node_modules/expo-router/entry.js ░░░░░░░░░░░░░░░░  0.0% (0/1)
[2026-08-15T15:45:50.343Z] [1] Web node_modules/expo-router/entry.js ░░░░░░░░░░░░░░░░  0.0% (0/1)
[2026-08-15T15:45:50.343Z] [1] Web node_modules/expo-router/entry.js ░░░░░░░░░░░░░░░░  0.0% (0/1)
[2026-08-15T15:45:50.343Z] [1] Web node_modules/expo-router/entry.js ░░░░░░░░░░░░░░░░  0.0% (0/1)
[2026-08-15T15:45:50.343Z] [1] Web node_modules/expo-router/entry.js ░░░░░░░░░░░░░░░░  0.0% (0/1)
[2026-08-15T15:45:50.344Z] [1] Web node_modules/expo-router/entry.js ░░░░░░░░░░░░░░░░  0.0% (0/1)
[2026-08-15T15:45:50.344Z] [1] Web node_modules/expo-router/entry.js ░░░░░░░░░░░░░░░░  0.0% (0/1)
[2026-08-15T15:45:50.344Z] [1] Web node_modules/expo-router/entry.js ░░░░░░░░░░░░░░░░  0.0% (0/1)
[2026-08-15T15:45:50.344Z] [1] Web node_modules/expo-router/entry.js ░░░░░░░░░░░░░░░░  0.0% (0/1)
[2026-08-15T15:45:50.475Z] [1] λ  LOG  { colorScheme: 'light', setColorScheme: [Function (anonymous)] } {
[2026-08-15T15:45:50.475Z] [1]   '--color-primary': '#6D5DF5',
[2026-08-15T15:45:50.475Z] [1]   '--color-background': '#F6F7FB',
[2026-08-15T15:45:50.475Z] [1]   '--color-surface': '#FFFFFF',
[2026-08-15T15:45:50.475Z] [1]   '--color-foreground': '#171827',
[2026-08-15T15:45:50.475Z] [1]   '--color-muted': '#85879A',
[2026-08-15T15:45:50.475Z] [1]   '--color-border': '#E7E8F0',
[2026-08-15T15:45:50.475Z] [1]   '--color-success': '#42D6B5',
[2026-08-15T15:45:50.475Z] [1]   '--color-warning': '#F59E0B',
[2026-08-15T15:45:50.475Z] [1]   '--color-error': '#EF4444'
[2026-08-15T15:45:50.475Z] [1] }
[2026-08-15T15:45:50.503Z] [1] λ  WARN  props.pointerEvents is deprecated. Use style.pointerEvents
[2026-08-15T15:45:50.508Z] [1] Web node_modules/expo-router/entry.js ▓▓▓▓▓▓▓▓▓▓▓▓▓▓▓░ 99.0% (1358/1365)
[2026-08-15T15:45:50.508Z] [1] Web node_modules/expo-router/entry.js ░░░░░░░░░░░░░░░░  0.0% (0/1)
[2026-08-15T15:45:50.508Z] [1] Web node_modules/expo-router/entry.js ░░░░░░░░░░░░░░░░  0.0% (0/1)
[2026-08-15T15:45:50.508Z] [1] Web node_modules/expo-router/entry.js ░░░░░░░░░░░░░░░░  0.0% (0/1)
[2026-08-15T15:45:50.508Z] [1] Web node_modules/expo-router/entry.js ░░░░░░░░░░░░░░░░  0.0% (0/1)
[2026-08-15T15:45:50.508Z] [1] Web node_modules/expo-router/entry.js ░░░░░░░░░░░░░░░░  0.0% (0/1)
[2026-08-15T15:45:50.508Z] [1] Web node_modules/expo-router/entry.js ░░░░░░░░░░░░░░░░  0.0% (0/1)
[2026-08-15T15:45:50.508Z] [1] Web node_modules/expo-router/entry.js ░░░░░░░░░░░░░░░░  0.0% (0/1)
[2026-08-15T15:45:50.508Z] [1] Web node_modules/expo-router/entry.js ░░░░░░░░░░░░░░░░  0.0% (0/1)
[2026-08-15T15:45:50.508Z] [1] Web node_modules/expo-router/entry.js ░░░░░░░░░░░░░░░░  0.0% (0/1)
[2026-08-15T15:45:50.508Z] [1] Web node_modules/expo-router/entry.js ░░░░░░░░░░░░░░░░  0.0% (0/1)
[2026-08-15T15:45:50.508Z] [1] Web node_modules/expo-router/entry.js ░░░░░░░░░░░░░░░░  0.0% (0/1)
[2026-08-15T15:45:50.508Z] [1] Web node_modules/expo-router/entry.js ░░░░░░░░░░░░░░░░  0.0% (0/1)
[2026-08-15T15:45:50.510Z] [1] EXPO_USE_METRO_WORKSPACE_ROOT is enabled by default, use EXPO_NO_METRO_WORKSPACE_ROOT instead to disable.
[2026-08-15T15:45:50.512Z] [1] EXPO_USE_METRO_WORKSPACE_ROOT is enabled by default, use EXPO_NO_METRO_WORKSPACE_ROOT instead to disable.
[2026-08-15T15:45:50.668Z] [1] λ Bundled 21ms node_modules/expo-router/node/render.js (1 module)
[2026-08-15T15:45:50.669Z] [1] EXPO_USE_METRO_WORKSPACE_ROOT is enabled by default, use EXPO_NO_METRO_WORKSPACE_ROOT instead to disable.
[2026-08-15T15:45:50.671Z] [1] EXPO_USE_METRO_WORKSPACE_ROOT is enabled by default, use EXPO_NO_METRO_WORKSPACE_ROOT instead to disable.
[2026-08-15T15:45:50.911Z] [1] λ  WARN  props.pointerEvents is deprecated. Use style.pointerEvents
[2026-08-15T15:45:50.967Z] [1] λ Bundled 15ms node_modules/expo-router/node/render.js (1 module)
[2026-08-15T15:45:50.967Z] [1] λ  LOG  { colorScheme: 'light', setColorScheme: [Function (anonymous)] } {
[2026-08-15T15:45:50.967Z] [1]   '--color-primary': '#6D5DF5',
[2026-08-15T15:45:50.967Z] [1]   '--color-background': '#F6F7FB',
[2026-08-15T15:45:50.967Z] [1]   '--color-surface': '#FFFFFF',
[2026-08-15T15:45:50.967Z] [1]   '--color-foreground': '#171827',
[2026-08-15T15:45:50.967Z] [1]   '--color-muted': '#85879A',
[2026-08-15T15:45:50.967Z] [1]   '--color-border': '#E7E8F0',
[2026-08-15T15:45:50.967Z] [1]   '--color-success': '#42D6B5',
[2026-08-15T15:45:50.967Z] [1]   '--color-warning': '#F59E0B',
[2026-08-15T15:45:50.967Z] [1]   '--color-error': '#EF4444'
[2026-08-15T15:45:50.967Z] [1] }
[2026-08-15T15:45:50.967Z] [1] Web node_modules/expo-router/entry.js ▓▓▓▓▓▓▓▓▓▓▓▓▓▓▓░ 99.9% (1365/1366)
[2026-08-15T15:45:50.967Z] [1] Web node_modules/expo-router/entry.js ░░░░░░░░░░░░░░░░  0.0% (0/1)
[2026-08-15T15:45:50.967Z] [1] Web node_modules/expo-router/entry.js ░░░░░░░░░░░░░░░░  0.0% (0/1)
[2026-08-15T15:45:50.967Z] [1] Web node_modules/expo-router/entry.js ░░░░░░░░░░░░░░░░  0.0% (0/1)
[2026-08-15T15:45:50.967Z] [1] Web node_modules/expo-router/entry.js ░░░░░░░░░░░░░░░░  0.0% (0/1)
[2026-08-15T15:45:50.967Z] [1] Web node_modules/expo-router/entry.js ░░░░░░░░░░░░░░░░  0.0% (0/1)
[2026-08-15T15:45:50.967Z] [1] Web node_modules/expo-router/entry.js ░░░░░░░░░░░░░░░░  0.0% (0/1)
[2026-08-15T15:45:50.967Z] [1] Web node_modules/expo-router/entry.js ░░░░░░░░░░░░░░░░  0.0% (0/1)
[2026-08-15T15:45:50.967Z] [1] Web node_modules/expo-router/entry.js ░░░░░░░░░░░░░░░░  0.0% (0/1)
[2026-08-15T15:45:50.967Z] [1] Web node_modules/expo-router/entry.js ░░░░░░░░░░░░░░░░  0.0% (0/1)
[2026-08-15T15:45:50.967Z] [1] Web node_modules/expo-router/entry.js ░░░░░░░░░░░░░░░░  0.0% (0/1)
[2026-08-15T15:45:50.967Z] [1] Web node_modules/expo-router/entry.js ░░░░░░░░░░░░░░░░  0.0% (0/1)
[2026-08-15T15:45:50.967Z] [1] Web node_modules/expo-router/entry.js ░░░░░░░░░░░░░░░░  0.0% (0/1)
[2026-08-15T15:45:50.967Z] [1] Web node_modules/expo-router/entry.js ░░░░░░░░░░░░░░░░  0.0% (0/1)
[2026-08-15T15:45:50.967Z] [1] Web node_modules/expo-router/entry.js ░░░░░░░░░░░░░░░░  0.0% (0/1)
[2026-08-15T15:45:50.968Z] [1] EXPO_USE_METRO_WORKSPACE_ROOT is enabled by default, use EXPO_NO_METRO_WORKSPACE_ROOT instead to disable.
[2026-08-15T15:45:50.970Z] [1] EXPO_USE_METRO_WORKSPACE_ROOT is enabled by default, use EXPO_NO_METRO_WORKSPACE_ROOT instead to disable.
[2026-08-15T15:45:51.213Z] [1] λ  WARN  props.pointerEvents is deprecated. Use style.pointerEvents
[2026-08-15T15:45:51.268Z] [1] λ Bundled 11ms node_modules/expo-router/node/render.js (1 module)
[2026-08-15T15:45:51.268Z] [1] λ  LOG  { colorScheme: 'light', setColorScheme: [Function (anonymous)] } {
[2026-08-15T15:45:51.268Z] [1]   '--color-primary': '#6D5DF5',
[2026-08-15T15:45:51.268Z] [1]   '--color-background': '#F6F7FB',
[2026-08-15T15:45:51.268Z] [1]   '--color-surface': '#FFFFFF',
[2026-08-15T15:45:51.268Z] [1]   '--color-foreground': '#171827',
[2026-08-15T15:45:51.268Z] [1]   '--color-muted': '#85879A',
[2026-08-15T15:45:51.268Z] [1]   '--color-border': '#E7E8F0',
[2026-08-15T15:45:51.268Z] [1]   '--color-success': '#42D6B5',
[2026-08-15T15:45:51.268Z] [1]   '--color-warning': '#F59E0B',
[2026-08-15T15:45:51.268Z] [1]   '--color-error': '#EF4444'
[2026-08-15T15:45:51.268Z] [1] }
[2026-08-15T15:45:51.268Z] [1] Web node_modules/expo-router/entry.js ▓▓▓▓▓▓▓▓▓▓▓▓▓▓▓░ 99.9% (1365/1366)
[2026-08-15T15:45:51.268Z] [1] Web node_modules/expo-router/entry.js ░░░░░░░░░░░░░░░░  0.0% (0/1)
[2026-08-15T15:45:51.268Z] [1] Web node_modules/expo-router/entry.js ░░░░░░░░░░░░░░░░  0.0% (0/1)
[2026-08-15T15:45:51.268Z] [1] Web node_modules/expo-router/entry.js ░░░░░░░░░░░░░░░░  0.0% (0/1)
[2026-08-15T15:45:51.268Z] [1] Web node_modules/expo-router/entry.js ░░░░░░░░░░░░░░░░  0.0% (0/1)
[2026-08-15T15:45:51.268Z] [1] Web node_modules/expo-router/entry.js ░░░░░░░░░░░░░░░░  0.0% (0/1)
[2026-08-15T15:45:51.268Z] [1] Web node_modules/expo-router/entry.js ░░░░░░░░░░░░░░░░  0.0% (0/1)
[2026-08-15T15:45:51.268Z] [1] Web node_modules/expo-router/entry.js ░░░░░░░░░░░░░░░░  0.0% (0/1)
[2026-08-15T15:45:51.269Z] [1] Web node_modules/expo-router/entry.js ░░░░░░░░░░░░░░░░  0.0% (0/1)
[2026-08-15T15:45:51.269Z] [1] Web node_modules/expo-router/entry.js ░░░░░░░░░░░░░░░░  0.0% (0/1)
[2026-08-15T15:45:51.269Z] [1] Web node_modules/expo-router/entry.js ░░░░░░░░░░░░░░░░  0.0% (0/1)
[2026-08-15T15:45:51.269Z] [1] Web node_modules/expo-router/entry.js ░░░░░░░░░░░░░░░░  0.0% (0/1)
[2026-08-15T15:45:51.269Z] [1] Web node_modules/expo-router/entry.js ░░░░░░░░░░░░░░░░  0.0% (0/1)
[2026-08-15T15:45:51.269Z] [1] Web node_modules/expo-router/entry.js ░░░░░░░░░░░░░░░░  0.0% (0/1)
[2026-08-15T15:45:51.269Z] [1] Web node_modules/expo-router/entry.js ░░░░░░░░░░░░░░░░  0.0% (0/1)
[2026-08-15T15:45:51.269Z] [1] Web node_modules/expo-router/entry.js ░░░░░░░░░░░░░░░░  0.0% (0/1)
[2026-08-15T15:45:51.285Z] [1] EXPO_USE_METRO_WORKSPACE_ROOT is enabled by default, use EXPO_NO_METRO_WORKSPACE_ROOT instead to disable.
[2026-08-15T15:45:51.286Z] [1] EXPO_USE_METRO_WORKSPACE_ROOT is enabled by default, use EXPO_NO_METRO_WORKSPACE_ROOT instead to disable.
[2026-08-15T15:45:51.525Z] [1] λ  WARN  props.pointerEvents is deprecated. Use style.pointerEvents
[2026-08-15T15:45:51.580Z] [1] λ Bundled 18ms node_modules/expo-router/node/render.js (1 module)
[2026-08-15T15:45:51.580Z] [1] λ  LOG  { colorScheme: 'light', setColorScheme: [Function (anonymous)] } {
[2026-08-15T15:45:51.580Z] [1]   '--color-primary': '#6D5DF5',
[2026-08-15T15:45:51.580Z] [1]   '--color-background': '#F6F7FB',
[2026-08-15T15:45:51.580Z] [1]   '--color-surface': '#FFFFFF',
[2026-08-15T15:45:51.580Z] [1]   '--color-foreground': '#171827',
[2026-08-15T15:45:51.580Z] [1]   '--color-muted': '#85879A',
[2026-08-15T15:45:51.580Z] [1]   '--color-border': '#E7E8F0',
[2026-08-15T15:45:51.580Z] [1]   '--color-success': '#42D6B5',
[2026-08-15T15:45:51.580Z] [1]   '--color-warning': '#F59E0B',
[2026-08-15T15:45:51.580Z] [1]   '--color-error': '#EF4444'
[2026-08-15T15:45:51.580Z] [1] }
[2026-08-15T15:45:51.580Z] [1] Web node_modules/expo-router/entry.js ▓▓▓▓▓▓▓▓▓▓▓▓▓▓▓░ 99.9% (1366/1366)
[2026-08-15T15:45:51.580Z] [1] Web node_modules/expo-router/entry.js ░░░░░░░░░░░░░░░░  0.0% (0/1)
[2026-08-15T15:45:51.580Z] [1] Web node_modules/expo-router/entry.js ░░░░░░░░░░░░░░░░  0.0% (0/1)
[2026-08-15T15:45:51.580Z] [1] Web node_modules/expo-router/entry.js ░░░░░░░░░░░░░░░░  0.0% (0/1)
[2026-08-15T15:45:51.580Z] [1] Web node_modules/expo-router/entry.js ░░░░░░░░░░░░░░░░  0.0% (0/1)
[2026-08-15T15:45:51.580Z] [1] Web node_modules/expo-router/entry.js ░░░░░░░░░░░░░░░░  0.0% (0/1)
[2026-08-15T15:45:51.580Z] [1] Web node_modules/expo-router/entry.js ░░░░░░░░░░░░░░░░  0.0% (0/1)
[2026-08-15T15:45:51.580Z] [1] Web node_modules/expo-router/entry.js ░░░░░░░░░░░░░░░░  0.0% (0/1)
[2026-08-15T15:45:51.580Z] [1] Web node_modules/expo-router/entry.js ░░░░░░░░░░░░░░░░  0.0% (0/1)
[2026-08-15T15:45:51.580Z] [1] Web node_modules/expo-router/entry.js ░░░░░░░░░░░░░░░░  0.0% (0/1)
[2026-08-15T15:45:51.580Z] [1] Web node_modules/expo-router/entry.js ░░░░░░░░░░░░░░░░  0.0% (0/1)
[2026-08-15T15:45:51.580Z] [1] Web node_modules/expo-router/entry.js ░░░░░░░░░░░░░░░░  0.0% (0/1)
[2026-08-15T15:45:51.580Z] [1] Web node_modules/expo-router/entry.js ░░░░░░░░░░░░░░░░  0.0% (0/1)
[2026-08-15T15:45:51.580Z] [1] Web node_modules/expo-router/entry.js ░░░░░░░░░░░░░░░░  0.0% (0/1)
[2026-08-15T15:45:51.580Z] [1] Web node_modules/expo-router/entry.js ░░░░░░░░░░░░░░░░  0.0% (0/1)
[2026-08-15T15:45:51.581Z] [1] Web node_modules/expo-router/entry.js ░░░░░░░░░░░░░░░░  0.0% (0/1)
[2026-08-15T15:45:51.581Z] [1] Web node_modules/expo-router/entry.js ░░░░░░░░░░░░░░░░  0.0% (0/1)
[2026-08-15T15:45:51.706Z] [1] λ  LOG  { colorScheme: 'light', setColorScheme: [Function (anonymous)] } {
[2026-08-15T15:45:51.706Z] [1]   '--color-primary': '#6D5DF5',
[2026-08-15T15:45:51.706Z] [1]   '--color-background': '#F6F7FB',
[2026-08-15T15:45:51.706Z] [1]   '--color-surface': '#FFFFFF',
[2026-08-15T15:45:51.706Z] [1]   '--color-foreground': '#171827',
[2026-08-15T15:45:51.706Z] [1]   '--color-muted': '#85879A',
[2026-08-15T15:45:51.706Z] [1]   '--color-border': '#E7E8F0',
[2026-08-15T15:45:51.706Z] [1]   '--color-success': '#42D6B5',
[2026-08-15T15:45:51.706Z] [1]   '--color-warning': '#F59E0B',
[2026-08-15T15:45:51.706Z] [1]   '--color-error': '#EF4444'
[2026-08-15T15:45:51.706Z] [1] }
[2026-08-15T15:45:51.734Z] [1] λ  WARN  props.pointerEvents is deprecated. Use style.pointerEvents
[2026-08-15T15:45:51.739Z] [1] Web node_modules/expo-router/entry.js ▓▓▓▓▓▓▓▓▓▓▓▓▓▓▓░ 99.9% (1366/1366)
[2026-08-15T15:45:51.739Z] [1] Web node_modules/expo-router/entry.js ░░░░░░░░░░░░░░░░  0.0% (0/1)
[2026-08-15T15:45:51.739Z] [1] Web node_modules/expo-router/entry.js ░░░░░░░░░░░░░░░░  0.0% (0/1)
[2026-08-15T15:45:51.739Z] [1] Web node_modules/expo-router/entry.js ░░░░░░░░░░░░░░░░  0.0% (0/1)
[2026-08-15T15:45:51.739Z] [1] Web node_modules/expo-router/entry.js ░░░░░░░░░░░░░░░░  0.0% (0/1)
[2026-08-15T15:45:51.739Z] [1] Web node_modules/expo-router/entry.js ░░░░░░░░░░░░░░░░  0.0% (0/1)
[2026-08-15T15:45:51.739Z] [1] Web node_modules/expo-router/entry.js ░░░░░░░░░░░░░░░░  0.0% (0/1)
[2026-08-15T15:45:51.739Z] [1] Web node_modules/expo-router/entry.js ░░░░░░░░░░░░░░░░  0.0% (0/1)
[2026-08-15T15:45:51.739Z] [1] Web node_modules/expo-router/entry.js ░░░░░░░░░░░░░░░░  0.0% (0/1)
[2026-08-15T15:45:51.739Z] [1] Web node_modules/expo-router/entry.js ░░░░░░░░░░░░░░░░  0.0% (0/1)
[2026-08-15T15:45:51.739Z] [1] Web node_modules/expo-router/entry.js ░░░░░░░░░░░░░░░░  0.0% (0/1)
[2026-08-15T15:45:51.739Z] [1] Web node_modules/expo-router/entry.js ░░░░░░░░░░░░░░░░  0.0% (0/1)
[2026-08-15T15:45:51.739Z] [1] Web node_modules/expo-router/entry.js ░░░░░░░░░░░░░░░░  0.0% (0/1)
[2026-08-15T15:45:51.739Z] [1] Web node_modules/expo-router/entry.js ░░░░░░░░░░░░░░░░  0.0% (0/1)
[2026-08-15T15:45:51.739Z] [1] Web node_modules/expo-router/entry.js ░░░░░░░░░░░░░░░░  0.0% (0/1)
[2026-08-15T15:45:51.739Z] [1] Web node_modules/expo-router/entry.js ░░░░░░░░░░░░░░░░  0.0% (0/1)
[2026-08-15T15:45:51.739Z] [1] Web node_modules/expo-router/entry.js ░░░░░░░░░░░░░░░░  0.0% (0/1)
[2026-08-15T15:45:51.746Z] [1] EXPO_USE_METRO_WORKSPACE_ROOT is enabled by default, use EXPO_NO_METRO_WORKSPACE_ROOT instead to disable.
[2026-08-15T15:45:51.748Z] [1] EXPO_USE_METRO_WORKSPACE_ROOT is enabled by default, use EXPO_NO_METRO_WORKSPACE_ROOT instead to disable.
[2026-08-15T15:45:51.924Z] [1] λ Bundled 10ms node_modules/expo-router/node/render.js (1 module)
[2026-08-15T15:45:52.045Z] [1] λ  LOG  { colorScheme: 'light', setColorScheme: [Function (anonymous)] } {
[2026-08-15T15:45:52.045Z] [1]   '--color-primary': '#6D5DF5',
[2026-08-15T15:45:52.045Z] [1]   '--color-background': '#F6F7FB',
[2026-08-15T15:45:52.045Z] [1]   '--color-surface': '#FFFFFF',
[2026-08-15T15:45:52.045Z] [1]   '--color-foreground': '#171827',
[2026-08-15T15:45:52.045Z] [1]   '--color-muted': '#85879A',
[2026-08-15T15:45:52.045Z] [1]   '--color-border': '#E7E8F0',
[2026-08-15T15:45:52.045Z] [1]   '--color-success': '#42D6B5',
[2026-08-15T15:45:52.045Z] [1]   '--color-warning': '#F59E0B',
[2026-08-15T15:45:52.045Z] [1]   '--color-error': '#EF4444'
[2026-08-15T15:45:52.045Z] [1] }
[2026-08-15T15:45:52.074Z] [1] λ  WARN  props.pointerEvents is deprecated. Use style.pointerEvents
[2026-08-15T15:45:52.078Z] [1] Web node_modules/expo-router/entry.js ▓▓▓▓▓▓▓▓▓▓▓▓▓▓▓░ 99.9% (0/1)
[2026-08-15T15:45:52.078Z] [1] Web node_modules/expo-router/entry.js ░░░░░░░░░░░░░░░░  0.0% (0/1)
[2026-08-15T15:45:52.078Z] [1] Web node_modules/expo-router/entry.js ░░░░░░░░░░░░░░░░  0.0% (0/1)
[2026-08-15T15:45:52.078Z] [1] Web node_modules/expo-router/entry.js ░░░░░░░░░░░░░░░░  0.0% (0/1)
[2026-08-15T15:45:52.078Z] [1] Web node_modules/expo-router/entry.js ░░░░░░░░░░░░░░░░  0.0% (0/1)
[2026-08-15T15:45:52.078Z] [1] Web node_modules/expo-router/entry.js ░░░░░░░░░░░░░░░░  0.0% (0/1)
[2026-08-15T15:45:52.078Z] [1] Web node_modules/expo-router/entry.js ░░░░░░░░░░░░░░░░  0.0% (0/1)
[2026-08-15T15:45:52.078Z] [1] Web node_modules/expo-router/entry.js ░░░░░░░░░░░░░░░░  0.0% (0/1)
[2026-08-15T15:45:52.078Z] [1] Web node_modules/expo-router/entry.js ░░░░░░░░░░░░░░░░  0.0% (0/1)
[2026-08-15T15:45:52.078Z] [1] Web node_modules/expo-router/entry.js ░░░░░░░░░░░░░░░░  0.0% (0/1)
[2026-08-15T15:45:52.079Z] [1] Web node_modules/expo-router/entry.js ░░░░░░░░░░░░░░░░  0.0% (0/1)
[2026-08-15T15:45:52.079Z] [1] Web node_modules/expo-router/entry.js ░░░░░░░░░░░░░░░░  0.0% (0/1)
[2026-08-15T15:45:52.079Z] [1] Web node_modules/expo-router/entry.js ░░░░░░░░░░░░░░░░  0.0% (0/1)
[2026-08-15T15:45:52.079Z] [1] Web node_modules/expo-router/entry.js ░░░░░░░░░░░░░░░░  0.0% (0/1)
[2026-08-15T15:45:52.079Z] [1] Web node_modules/expo-router/entry.js ░░░░░░░░░░░░░░░░  0.0% (0/1)
[2026-08-15T15:45:52.079Z] [1] Web node_modules/expo-router/entry.js ░░░░░░░░░░░░░░░░  0.0% (0/1)
[2026-08-15T15:45:52.079Z] [1] Web node_modules/expo-router/entry.js ░░░░░░░░░░░░░░░░  0.0% (0/1)
[2026-08-15T15:45:52.079Z] [1] Web node_modules/expo-router/entry.js ░░░░░░░░░░░░░░░░  0.0% (0/1)
[2026-08-15T15:45:52.538Z] [1] EXPO_USE_METRO_WORKSPACE_ROOT is enabled by default, use EXPO_NO_METRO_WORKSPACE_ROOT instead to disable.
[2026-08-15T15:45:52.540Z] [1] EXPO_USE_METRO_WORKSPACE_ROOT is enabled by default, use EXPO_NO_METRO_WORKSPACE_ROOT instead to disable.
[2026-08-15T15:45:52.843Z] [1] λ Bundled 53ms node_modules/expo-router/node/render.js (1 module)
[2026-08-15T15:45:52.997Z] [1] λ  LOG  { colorScheme: 'light', setColorScheme: [Function (anonymous)] } {
[2026-08-15T15:45:52.997Z] [1]   '--color-primary': '#6D5DF5',
[2026-08-15T15:45:52.997Z] [1]   '--color-background': '#F6F7FB',
[2026-08-15T15:45:52.997Z] [1]   '--color-surface': '#FFFFFF',
[2026-08-15T15:45:52.997Z] [1]   '--color-foreground': '#171827',
[2026-08-15T15:45:52.997Z] [1]   '--color-muted': '#85879A',
[2026-08-15T15:45:52.997Z] [1]   '--color-border': '#E7E8F0',
[2026-08-15T15:45:52.998Z] [1]   '--color-success': '#42D6B5',
[2026-08-15T15:45:52.998Z] [1]   '--color-warning': '#F59E0B',
[2026-08-15T15:45:52.998Z] [1]   '--color-error': '#EF4444'
[2026-08-15T15:45:52.998Z] [1] }
[2026-08-15T15:45:53.031Z] [1] λ  WARN  props.pointerEvents is deprecated. Use style.pointerEvents
[2026-08-15T15:45:53.037Z] [1] Web node_modules/expo-router/entry.js ▓▓▓▓▓▓▓▓▓▓▓▓▓▓▓░ 99.9% (1/1)
[2026-08-15T15:45:53.037Z] [1] Web node_modules/expo-router/entry.js ░░░░░░░░░░░░░░░░  0.0% (0/1)
[2026-08-15T15:45:53.037Z] [1] Web node_modules/expo-router/entry.js ░░░░░░░░░░░░░░░░  0.0% (0/1)
[2026-08-15T15:45:53.037Z] [1] Web node_modules/expo-router/entry.js ░░░░░░░░░░░░░░░░  0.0% (0/1)
[2026-08-15T15:45:53.037Z] [1] Web node_modules/expo-router/entry.js ░░░░░░░░░░░░░░░░  0.0% (0/1)
[2026-08-15T15:45:53.037Z] [1] Web node_modules/expo-router/entry.js ░░░░░░░░░░░░░░░░  0.0% (0/1)
[2026-08-15T15:45:53.037Z] [1] Web node_modules/expo-router/entry.js ░░░░░░░░░░░░░░░░  0.0% (0/1)
[2026-08-15T15:45:53.037Z] [1] Web node_modules/expo-router/entry.js ░░░░░░░░░░░░░░░░  0.0% (0/1)
[2026-08-15T15:45:53.037Z] [1] Web node_modules/expo-router/entry.js ░░░░░░░░░░░░░░░░  0.0% (0/1)
[2026-08-15T15:45:53.037Z] [1] Web node_modules/expo-router/entry.js ░░░░░░░░░░░░░░░░  0.0% (0/1)
[2026-08-15T15:45:53.037Z] [1] Web node_modules/expo-router/entry.js ░░░░░░░░░░░░░░░░  0.0% (0/1)
[2026-08-15T15:45:53.037Z] [1] Web node_modules/expo-router/entry.js ░░░░░░░░░░░░░░░░  0.0% (0/1)
[2026-08-15T15:45:53.037Z] [1] Web node_modules/expo-router/entry.js ░░░░░░░░░░░░░░░░  0.0% (0/1)
[2026-08-15T15:45:53.037Z] [1] Web node_modules/expo-router/entry.js ░░░░░░░░░░░░░░░░  0.0% (0/1)
[2026-08-15T15:45:53.037Z] [1] Web node_modules/expo-router/entry.js ░░░░░░░░░░░░░░░░  0.0% (0/1)
[2026-08-15T15:45:53.037Z] [1] Web node_modules/expo-router/entry.js ░░░░░░░░░░░░░░░░  0.0% (0/1)
[2026-08-15T15:45:53.037Z] [1] Web node_modules/expo-router/entry.js ░░░░░░░░░░░░░░░░  0.0% (0/1)
[2026-08-15T15:45:53.037Z] [1] Web node_modules/expo-router/entry.js ░░░░░░░░░░░░░░░░  0.0% (0/1)
[2026-08-15T15:45:53.037Z] [1] Web node_modules/expo-router/entry.js ░░░░░░░░░░░░░░░░  0.0% (0/1)
[2026-08-15T15:45:53.140Z] [1] Web Bundled 11257ms node_modules/expo-router/entry.js (1 module)
[2026-08-15T15:45:53.211Z] [1] Web Bundled 11327ms node_modules/expo-router/entry.js (1 module)
[2026-08-15T15:45:53.669Z] [1] Web Bundled 11352ms node_modules/expo-router/entry.js (1 module)
[2026-08-15T15:45:53.669Z] [1] Web Bundled 11382ms node_modules/expo-router/entry.js (1 module)
[2026-08-15T15:45:53.669Z] [1] Web Bundled 11435ms node_modules/expo-router/entry.js (1 module)
[2026-08-15T15:45:53.669Z] [1] Web Bundled 11461ms node_modules/expo-router/entry.js (1 module)
[2026-08-15T15:45:53.669Z] [1] Web Bundled 11489ms node_modules/expo-router/entry.js (1 module)
[2026-08-15T15:45:53.669Z] [1] Web Bundled 11174ms node_modules/expo-router/entry.js (1 module)
[2026-08-15T15:45:53.669Z] [1] Web Bundled 9890ms node_modules/expo-router/entry.js (1 module)
[2026-08-15T15:45:53.669Z] [1] Web Bundled 9112ms node_modules/expo-router/entry.js (1 module)
[2026-08-15T15:45:53.669Z] [1] Web Bundled 6089ms node_modules/expo-router/entry.js (1 module)
[2026-08-15T15:45:53.669Z] [1] Web Bundled 5467ms node_modules/expo-router/entry.js (1 module)
[2026-08-15T15:45:53.669Z] [1] Web Bundled 3554ms node_modules/expo-router/entry.js (1 module)
[2026-08-15T15:45:53.669Z] [1] Web Bundled 3034ms node_modules/expo-router/entry.js (1 module)
[2026-08-15T15:45:53.669Z] [1] Web Bundled 2899ms node_modules/expo-router/entry.js (1 module)
[2026-08-15T15:45:53.669Z] [1] Web Bundled 2625ms node_modules/expo-router/entry.js (1 module)
[2026-08-15T15:45:53.669Z] [1] Web Bundled 2332ms node_modules/expo-router/entry.js (1 module)
[2026-08-15T15:45:53.669Z] [1] Web Bundled 1895ms node_modules/expo-router/entry.js (1 module)
[2026-08-15T15:45:53.675Z] [1] EXPO_USE_METRO_WORKSPACE_ROOT is enabled by default, use EXPO_NO_METRO_WORKSPACE_ROOT instead to disable.
[2026-08-15T15:45:53.676Z] [1] EXPO_USE_METRO_WORKSPACE_ROOT is enabled by default, use EXPO_NO_METRO_WORKSPACE_ROOT instead to disable.
[2026-08-15T15:45:53.836Z] [1] λ Bundled 37ms node_modules/expo-router/node/render.js (1 module)
[2026-08-15T15:45:53.836Z] [1] Web Bundled 1295ms node_modules/expo-router/entry.js (1 module)
[2026-08-15T15:45:53.870Z] [1] EXPO_USE_METRO_WORKSPACE_ROOT is enabled by default, use EXPO_NO_METRO_WORKSPACE_ROOT instead to disable.
[2026-08-15T15:45:53.871Z] [1] EXPO_USE_METRO_WORKSPACE_ROOT is enabled by default, use EXPO_NO_METRO_WORKSPACE_ROOT instead to disable.
[2026-08-15T15:45:54.132Z] [1] λ  WARN  props.pointerEvents is deprecated. Use style.pointerEvents
[2026-08-15T15:45:54.190Z] [1] λ Bundled 35ms node_modules/expo-router/node/render.js (1 module)
[2026-08-15T15:45:54.190Z] [1] λ  LOG  { colorScheme: 'light', setColorScheme: [Function (anonymous)] } {
[2026-08-15T15:45:54.190Z] [1]   '--color-primary': '#6D5DF5',
[2026-08-15T15:45:54.190Z] [1]   '--color-background': '#F6F7FB',
[2026-08-15T15:45:54.190Z] [1]   '--color-surface': '#FFFFFF',
[2026-08-15T15:45:54.190Z] [1]   '--color-foreground': '#171827',
[2026-08-15T15:45:54.190Z] [1]   '--color-muted': '#85879A',
[2026-08-15T15:45:54.190Z] [1]   '--color-border': '#E7E8F0',
[2026-08-15T15:45:54.190Z] [1]   '--color-success': '#42D6B5',
[2026-08-15T15:45:54.190Z] [1]   '--color-warning': '#F59E0B',
[2026-08-15T15:45:54.190Z] [1]   '--color-error': '#EF4444'
[2026-08-15T15:45:54.190Z] [1] }
[2026-08-15T15:45:54.190Z] [1] Web node_modules/expo-router/entry.js ░░░░░░░░░░░░░░░░  0.0% (0/1)
[2026-08-15T15:45:54.190Z] [1] Web node_modules/expo-router/entry.js ░░░░░░░░░░░░░░░░  0.0% (0/1)
[2026-08-15T15:45:54.190Z] [1] Web node_modules/expo-router/entry.js ░░░░░░░░░░░░░░░░  0.0% (0/1)
[2026-08-15T15:45:54.199Z] [1] EXPO_USE_METRO_WORKSPACE_ROOT is enabled by default, use EXPO_NO_METRO_WORKSPACE_ROOT instead to disable.
[2026-08-15T15:45:54.200Z] [1] EXPO_USE_METRO_WORKSPACE_ROOT is enabled by default, use EXPO_NO_METRO_WORKSPACE_ROOT instead to disable.
[2026-08-15T15:45:54.449Z] [1] λ  WARN  props.pointerEvents is deprecated. Use style.pointerEvents
[2026-08-15T15:45:54.505Z] [1] λ Bundled 32ms node_modules/expo-router/node/render.js (1 module)
[2026-08-15T15:45:54.505Z] [1] λ  LOG  { colorScheme: 'light', setColorScheme: [Function (anonymous)] } {
[2026-08-15T15:45:54.505Z] [1]   '--color-primary': '#6D5DF5',
[2026-08-15T15:45:54.505Z] [1]   '--color-background': '#F6F7FB',
[2026-08-15T15:45:54.505Z] [1]   '--color-surface': '#FFFFFF',
[2026-08-15T15:45:54.505Z] [1]   '--color-foreground': '#171827',
[2026-08-15T15:45:54.505Z] [1]   '--color-muted': '#85879A',
[2026-08-15T15:45:54.505Z] [1]   '--color-border': '#E7E8F0',
[2026-08-15T15:45:54.505Z] [1]   '--color-success': '#42D6B5',
[2026-08-15T15:45:54.505Z] [1]   '--color-warning': '#F59E0B',
[2026-08-15T15:45:54.505Z] [1]   '--color-error': '#EF4444'
[2026-08-15T15:45:54.505Z] [1] }
[2026-08-15T15:45:54.505Z] [1] Web node_modules/expo-router/entry.js ░░░░░░░░░░░░░░░░  0.0% (0/1)
[2026-08-15T15:45:54.505Z] [1] Web node_modules/expo-router/entry.js ░░░░░░░░░░░░░░░░  0.0% (0/1)
[2026-08-15T15:45:54.505Z] [1] Web node_modules/expo-router/entry.js ░░░░░░░░░░░░░░░░  0.0% (0/1)
[2026-08-15T15:45:54.505Z] [1] Web node_modules/expo-router/entry.js ░░░░░░░░░░░░░░░░  0.0% (0/1)
[2026-08-15T15:45:54.515Z] [1] EXPO_USE_METRO_WORKSPACE_ROOT is enabled by default, use EXPO_NO_METRO_WORKSPACE_ROOT instead to disable.
[2026-08-15T15:45:54.517Z] [1] EXPO_USE_METRO_WORKSPACE_ROOT is enabled by default, use EXPO_NO_METRO_WORKSPACE_ROOT instead to disable.
[2026-08-15T15:45:54.767Z] [1] λ  WARN  props.pointerEvents is deprecated. Use style.pointerEvents
[2026-08-15T15:45:54.822Z] [1] λ Bundled 34ms node_modules/expo-router/node/render.js (1 module)
[2026-08-15T15:45:54.822Z] [1] λ  LOG  { colorScheme: 'light', setColorScheme: [Function (anonymous)] } {
[2026-08-15T15:45:54.822Z] [1]   '--color-primary': '#6D5DF5',
[2026-08-15T15:45:54.822Z] [1]   '--color-background': '#F6F7FB',
[2026-08-15T15:45:54.822Z] [1]   '--color-surface': '#FFFFFF',
[2026-08-15T15:45:54.822Z] [1]   '--color-foreground': '#171827',
[2026-08-15T15:45:54.822Z] [1]   '--color-muted': '#85879A',
[2026-08-15T15:45:54.822Z] [1]   '--color-border': '#E7E8F0',
[2026-08-15T15:45:54.822Z] [1]   '--color-success': '#42D6B5',
[2026-08-15T15:45:54.822Z] [1]   '--color-warning': '#F59E0B',
[2026-08-15T15:45:54.822Z] [1]   '--color-error': '#EF4444'
[2026-08-15T15:45:54.822Z] [1] }
[2026-08-15T15:45:54.822Z] [1] Web node_modules/expo-router/entry.js ░░░░░░░░░░░░░░░░  0.0% (0/1)
[2026-08-15T15:45:54.822Z] [1] Web node_modules/expo-router/entry.js ░░░░░░░░░░░░░░░░  0.0% (0/1)
[2026-08-15T15:45:54.822Z] [1] Web node_modules/expo-router/entry.js ░░░░░░░░░░░░░░░░  0.0% (0/1)
[2026-08-15T15:45:54.822Z] [1] Web node_modules/expo-router/entry.js ░░░░░░░░░░░░░░░░  0.0% (0/1)
[2026-08-15T15:45:54.822Z] [1] Web node_modules/expo-router/entry.js ░░░░░░░░░░░░░░░░  0.0% (0/1)
[2026-08-15T15:45:54.831Z] [1] EXPO_USE_METRO_WORKSPACE_ROOT is enabled by default, use EXPO_NO_METRO_WORKSPACE_ROOT instead to disable.
[2026-08-15T15:45:54.833Z] [1] EXPO_USE_METRO_WORKSPACE_ROOT is enabled by default, use EXPO_NO_METRO_WORKSPACE_ROOT instead to disable.
[2026-08-15T15:45:55.068Z] [1] λ  WARN  props.pointerEvents is deprecated. Use style.pointerEvents
[2026-08-15T15:45:55.122Z] [1] λ Bundled 32ms node_modules/expo-router/node/render.js (1 module)
[2026-08-15T15:45:55.122Z] [1] λ  LOG  { colorScheme: 'light', setColorScheme: [Function (anonymous)] } {
[2026-08-15T15:45:55.122Z] [1]   '--color-primary': '#6D5DF5',
[2026-08-15T15:45:55.122Z] [1]   '--color-background': '#F6F7FB',
[2026-08-15T15:45:55.122Z] [1]   '--color-surface': '#FFFFFF',
[2026-08-15T15:45:55.122Z] [1]   '--color-foreground': '#171827',
[2026-08-15T15:45:55.122Z] [1]   '--color-muted': '#85879A',
[2026-08-15T15:45:55.122Z] [1]   '--color-border': '#E7E8F0',
[2026-08-15T15:45:55.122Z] [1]   '--color-success': '#42D6B5',
[2026-08-15T15:45:55.122Z] [1]   '--color-warning': '#F59E0B',
[2026-08-15T15:45:55.123Z] [1]   '--color-error': '#EF4444'
[2026-08-15T15:45:55.123Z] [1] }
[2026-08-15T15:45:55.123Z] [1] Web node_modules/expo-router/entry.js ░░░░░░░░░░░░░░░░  0.0% (0/1)
[2026-08-15T15:45:55.123Z] [1] Web node_modules/expo-router/entry.js ░░░░░░░░░░░░░░░░  0.0% (0/1)
[2026-08-15T15:45:55.123Z] [1] Web node_modules/expo-router/entry.js ░░░░░░░░░░░░░░░░  0.0% (0/1)
[2026-08-15T15:45:55.123Z] [1] Web node_modules/expo-router/entry.js ░░░░░░░░░░░░░░░░  0.0% (0/1)
[2026-08-15T15:45:55.123Z] [1] Web node_modules/expo-router/entry.js ░░░░░░░░░░░░░░░░  0.0% (0/1)
[2026-08-15T15:45:55.123Z] [1] Web node_modules/expo-router/entry.js ░░░░░░░░░░░░░░░░  0.0% (0/1)
[2026-08-15T15:45:55.135Z] [1] EXPO_USE_METRO_WORKSPACE_ROOT is enabled by default, use EXPO_NO_METRO_WORKSPACE_ROOT instead to disable.
[2026-08-15T15:45:55.136Z] [1] EXPO_USE_METRO_WORKSPACE_ROOT is enabled by default, use EXPO_NO_METRO_WORKSPACE_ROOT instead to disable.
[2026-08-15T15:45:55.374Z] [1] λ  WARN  props.pointerEvents is deprecated. Use style.pointerEvents
[2026-08-15T15:45:55.429Z] [1] λ Bundled 29ms node_modules/expo-router/node/render.js (1 module)
[2026-08-15T15:45:55.429Z] [1] λ  LOG  { colorScheme: 'light', setColorScheme: [Function (anonymous)] } {
[2026-08-15T15:45:55.429Z] [1]   '--color-primary': '#6D5DF5',
[2026-08-15T15:45:55.429Z] [1]   '--color-background': '#F6F7FB',
[2026-08-15T15:45:55.429Z] [1]   '--color-surface': '#FFFFFF',
[2026-08-15T15:45:55.429Z] [1]   '--color-foreground': '#171827',
[2026-08-15T15:45:55.429Z] [1]   '--color-muted': '#85879A',
[2026-08-15T15:45:55.429Z] [1]   '--color-border': '#E7E8F0',
[2026-08-15T15:45:55.429Z] [1]   '--color-success': '#42D6B5',
[2026-08-15T15:45:55.429Z] [1]   '--color-warning': '#F59E0B',
[2026-08-15T15:45:55.429Z] [1]   '--color-error': '#EF4444'
[2026-08-15T15:45:55.429Z] [1] }
[2026-08-15T15:45:55.429Z] [1] Web node_modules/expo-router/entry.js ░░░░░░░░░░░░░░░░  0.0% (0/1)
[2026-08-15T15:45:55.429Z] [1] Web node_modules/expo-router/entry.js ░░░░░░░░░░░░░░░░  0.0% (0/1)
[2026-08-15T15:45:55.429Z] [1] Web node_modules/expo-router/entry.js ░░░░░░░░░░░░░░░░  0.0% (0/1)
[2026-08-15T15:45:55.429Z] [1] Web node_modules/expo-router/entry.js ░░░░░░░░░░░░░░░░  0.0% (0/1)
[2026-08-15T15:45:55.429Z] [1] Web node_modules/expo-router/entry.js ░░░░░░░░░░░░░░░░  0.0% (0/1)
[2026-08-15T15:45:55.429Z] [1] Web node_modules/expo-router/entry.js ░░░░░░░░░░░░░░░░  0.0% (0/1)
[2026-08-15T15:45:55.429Z] [1] Web node_modules/expo-router/entry.js ░░░░░░░░░░░░░░░░  0.0% (0/1)
[2026-08-15T15:45:55.443Z] [1] EXPO_USE_METRO_WORKSPACE_ROOT is enabled by default, use EXPO_NO_METRO_WORKSPACE_ROOT instead to disable.
[2026-08-15T15:45:55.444Z] [1] EXPO_USE_METRO_WORKSPACE_ROOT is enabled by default, use EXPO_NO_METRO_WORKSPACE_ROOT instead to disable.
[2026-08-15T15:45:55.837Z] [1] λ  WARN  props.pointerEvents is deprecated. Use style.pointerEvents
[2026-08-15T15:45:55.893Z] [1] λ Bundled 31ms node_modules/expo-router/node/render.js (1 module)
[2026-08-15T15:45:55.893Z] [1] λ  LOG  { colorScheme: 'light', setColorScheme: [Function (anonymous)] } {
[2026-08-15T15:45:55.893Z] [1]   '--color-primary': '#6D5DF5',
[2026-08-15T15:45:55.893Z] [1]   '--color-background': '#F6F7FB',
[2026-08-15T15:45:55.893Z] [1]   '--color-surface': '#FFFFFF',
[2026-08-15T15:45:55.893Z] [1]   '--color-foreground': '#171827',
[2026-08-15T15:45:55.893Z] [1]   '--color-muted': '#85879A',
[2026-08-15T15:45:55.893Z] [1]   '--color-border': '#E7E8F0',
[2026-08-15T15:45:55.893Z] [1]   '--color-success': '#42D6B5',
[2026-08-15T15:45:55.893Z] [1]   '--color-warning': '#F59E0B',
[2026-08-15T15:45:55.893Z] [1]   '--color-error': '#EF4444'
[2026-08-15T15:45:55.893Z] [1] }
[2026-08-15T15:45:55.893Z] [1] Web node_modules/expo-router/entry.js ░░░░░░░░░░░░░░░░  0.0% (0/1)
[2026-08-15T15:45:55.893Z] [1] Web node_modules/expo-router/entry.js ░░░░░░░░░░░░░░░░  0.0% (0/1)
[2026-08-15T15:45:55.893Z] [1] Web node_modules/expo-router/entry.js ░░░░░░░░░░░░░░░░  0.0% (0/1)
[2026-08-15T15:45:55.893Z] [1] Web node_modules/expo-router/entry.js ░░░░░░░░░░░░░░░░  0.0% (0/1)
[2026-08-15T15:45:55.893Z] [1] Web node_modules/expo-router/entry.js ░░░░░░░░░░░░░░░░  0.0% (0/1)
[2026-08-15T15:45:55.893Z] [1] Web node_modules/expo-router/entry.js ░░░░░░░░░░░░░░░░  0.0% (0/1)
[2026-08-15T15:45:55.893Z] [1] Web node_modules/expo-router/entry.js ░░░░░░░░░░░░░░░░  0.0% (0/1)
[2026-08-15T15:45:55.893Z] [1] Web node_modules/expo-router/entry.js ░░░░░░░░░░░░░░░░  0.0% (0/1)
[2026-08-15T15:45:55.921Z] [1] EXPO_USE_METRO_WORKSPACE_ROOT is enabled by default, use EXPO_NO_METRO_WORKSPACE_ROOT instead to disable.
[2026-08-15T15:45:55.922Z] [1] EXPO_USE_METRO_WORKSPACE_ROOT is enabled by default, use EXPO_NO_METRO_WORKSPACE_ROOT instead to disable.
[2026-08-15T15:45:56.216Z] [1] λ  WARN  props.pointerEvents is deprecated. Use style.pointerEvents
[2026-08-15T15:45:56.271Z] [1] λ Bundled 40ms node_modules/expo-router/node/render.js (1 module)
[2026-08-15T15:45:56.271Z] [1] λ  LOG  { colorScheme: 'light', setColorScheme: [Function (anonymous)] } {
[2026-08-15T15:45:56.271Z] [1]   '--color-primary': '#6D5DF5',
[2026-08-15T15:45:56.272Z] [1]   '--color-background': '#F6F7FB',
[2026-08-15T15:45:56.272Z] [1]   '--color-surface': '#FFFFFF',
[2026-08-15T15:45:56.272Z] [1]   '--color-foreground': '#171827',
[2026-08-15T15:45:56.272Z] [1]   '--color-muted': '#85879A',
[2026-08-15T15:45:56.272Z] [1]   '--color-border': '#E7E8F0',
[2026-08-15T15:45:56.272Z] [1]   '--color-success': '#42D6B5',
[2026-08-15T15:45:56.272Z] [1]   '--color-warning': '#F59E0B',
[2026-08-15T15:45:56.272Z] [1]   '--color-error': '#EF4444'
[2026-08-15T15:45:56.272Z] [1] }
[2026-08-15T15:45:56.272Z] [1] Web node_modules/expo-router/entry.js ░░░░░░░░░░░░░░░░  0.0% (0/1)
[2026-08-15T15:45:56.272Z] [1] Web node_modules/expo-router/entry.js ░░░░░░░░░░░░░░░░  0.0% (0/1)
[2026-08-15T15:45:56.272Z] [1] Web node_modules/expo-router/entry.js ░░░░░░░░░░░░░░░░  0.0% (0/1)
[2026-08-15T15:45:56.272Z] [1] Web node_modules/expo-router/entry.js ░░░░░░░░░░░░░░░░  0.0% (0/1)
[2026-08-15T15:45:56.272Z] [1] Web node_modules/expo-router/entry.js ░░░░░░░░░░░░░░░░  0.0% (0/1)
[2026-08-15T15:45:56.272Z] [1] Web node_modules/expo-router/entry.js ░░░░░░░░░░░░░░░░  0.0% (0/1)
[2026-08-15T15:45:56.272Z] [1] Web node_modules/expo-router/entry.js ░░░░░░░░░░░░░░░░  0.0% (0/1)
[2026-08-15T15:45:56.272Z] [1] Web node_modules/expo-router/entry.js ░░░░░░░░░░░░░░░░  0.0% (0/1)
[2026-08-15T15:45:56.272Z] [1] Web node_modules/expo-router/entry.js ░░░░░░░░░░░░░░░░  0.0% (0/1)
[2026-08-15T15:45:56.413Z] [1] λ  LOG  { colorScheme: 'light', setColorScheme: [Function (anonymous)] } {
[2026-08-15T15:45:56.413Z] [1]   '--color-primary': '#6D5DF5',
[2026-08-15T15:45:56.413Z] [1]   '--color-background': '#F6F7FB',
[2026-08-15T15:45:56.413Z] [1]   '--color-surface': '#FFFFFF',
[2026-08-15T15:45:56.413Z] [1]   '--color-foreground': '#171827',
[2026-08-15T15:45:56.413Z] [1]   '--color-muted': '#85879A',
[2026-08-15T15:45:56.413Z] [1]   '--color-border': '#E7E8F0',
[2026-08-15T15:45:56.413Z] [1]   '--color-success': '#42D6B5',
[2026-08-15T15:45:56.413Z] [1]   '--color-warning': '#F59E0B',
[2026-08-15T15:45:56.413Z] [1]   '--color-error': '#EF4444'
[2026-08-15T15:45:56.413Z] [1] }
[2026-08-15T15:45:56.442Z] [1] λ  WARN  props.pointerEvents is deprecated. Use style.pointerEvents
[2026-08-15T15:45:56.446Z] [1] Web node_modules/expo-router/entry.js ░░░░░░░░░░░░░░░░  0.0% (0/1)
[2026-08-15T15:45:56.446Z] [1] Web node_modules/expo-router/entry.js ░░░░░░░░░░░░░░░░  0.0% (0/1)
[2026-08-15T15:45:56.446Z] [1] Web node_modules/expo-router/entry.js ░░░░░░░░░░░░░░░░  0.0% (0/1)
[2026-08-15T15:45:56.446Z] [1] Web node_modules/expo-router/entry.js ░░░░░░░░░░░░░░░░  0.0% (0/1)
[2026-08-15T15:45:56.446Z] [1] Web node_modules/expo-router/entry.js ░░░░░░░░░░░░░░░░  0.0% (0/1)
[2026-08-15T15:45:56.446Z] [1] Web node_modules/expo-router/entry.js ░░░░░░░░░░░░░░░░  0.0% (0/1)
[2026-08-15T15:45:56.446Z] [1] Web node_modules/expo-router/entry.js ░░░░░░░░░░░░░░░░  0.0% (0/1)
[2026-08-15T15:45:56.446Z] [1] Web node_modules/expo-router/entry.js ░░░░░░░░░░░░░░░░  0.0% (0/1)
[2026-08-15T15:45:56.446Z] [1] Web node_modules/expo-router/entry.js ░░░░░░░░░░░░░░░░  0.0% (0/1)
[2026-08-15T15:45:56.479Z] [1] Web Bundled 2801ms node_modules/expo-router/entry.js (1 module)
[2026-08-15T15:45:56.548Z] [1] Web Bundled 2637ms node_modules/expo-router/entry.js (1 module)
[2026-08-15T15:45:56.548Z] [1] Web Bundled 2347ms node_modules/expo-router/entry.js (1 module)
[2026-08-15T15:45:56.580Z] [1] Error: Premature close
[2026-08-15T15:45:56.580Z] [1]     at onclose (node:internal/streams/end-of-stream:158:30)
[2026-08-15T15:45:56.580Z] [1]     at processTicksAndRejections (node:internal/process/task_queues:85:11)
[2026-08-15T15:45:56.609Z] [1] Error: Premature close
[2026-08-15T15:45:56.609Z] [1]     at onclose (node:internal/streams/end-of-stream:158:30)
[2026-08-15T15:45:56.609Z] [1]     at processTicksAndRejections (node:internal/process/task_queues:85:11)
[2026-08-15T15:45:56.609Z] [1] Web Bundled 2062ms node_modules/expo-router/entry.js (1 module)
[2026-08-15T15:45:56.609Z] [1] Web Bundled 1776ms node_modules/expo-router/entry.js (1 module)
[2026-08-15T15:45:56.639Z] [1] Error: Premature close
[2026-08-15T15:45:56.639Z] [1]     at onclose (node:internal/streams/end-of-stream:158:30)
[2026-08-15T15:45:56.639Z] [1]     at processTicksAndRejections (node:internal/process/task_queues:85:11)
[2026-08-15T15:45:56.668Z] [1] Error: Premature close
[2026-08-15T15:45:56.668Z] [1]     at onclose (node:internal/streams/end-of-stream:158:30)
[2026-08-15T15:45:56.668Z] [1]     at processTicksAndRejections (node:internal/process/task_queues:85:11)
[2026-08-15T15:45:56.696Z] [1] Error: Premature close
[2026-08-15T15:45:56.697Z] [1]     at onclose (node:internal/streams/end-of-stream:158:30)
[2026-08-15T15:45:56.697Z] [1]     at processTicksAndRejections (node:internal/process/task_queues:85:11)
[2026-08-15T15:45:56.697Z] [1] Web Bundled 1502ms node_modules/expo-router/entry.js (1 module)
[2026-08-15T15:45:56.697Z] [1] Web Bundled 1223ms node_modules/expo-router/entry.js (1 module)
[2026-08-15T15:45:56.697Z] [1] Web Bundled 773ms node_modules/expo-router/entry.js (1 module)
[2026-08-15T15:45:56.724Z] [1] Error: Premature close
[2026-08-15T15:45:56.724Z] [1]     at onclose (node:internal/streams/end-of-stream:158:30)
[2026-08-15T15:45:56.724Z] [1]     at processTicksAndRejections (node:internal/process/task_queues:85:11)
[2026-08-15T15:45:56.975Z] [1] EXPO_USE_METRO_WORKSPACE_ROOT is enabled by default, use EXPO_NO_METRO_WORKSPACE_ROOT instead to disable.
[2026-08-15T15:45:56.977Z] [1] EXPO_USE_METRO_WORKSPACE_ROOT is enabled by default, use EXPO_NO_METRO_WORKSPACE_ROOT instead to disable.
[2026-08-15T15:45:57.179Z] [1] λ Bundled 201ms node_modules/expo-router/node/render.js (1 module)
[2026-08-15T15:45:57.423Z] [1] λ  LOG  { colorScheme: 'light', setColorScheme: [Function (anonymous)] } {
[2026-08-15T15:45:57.424Z] [1]   '--color-primary': '#6D5DF5',
[2026-08-15T15:45:57.424Z] [1]   '--color-background': '#F6F7FB',
[2026-08-15T15:45:57.424Z] [1]   '--color-surface': '#FFFFFF',
[2026-08-15T15:45:57.424Z] [1]   '--color-foreground': '#171827',
[2026-08-15T15:45:57.424Z] [1]   '--color-muted': '#85879A',
[2026-08-15T15:45:57.424Z] [1]   '--color-border': '#E7E8F0',
[2026-08-15T15:45:57.424Z] [1]   '--color-success': '#42D6B5',
[2026-08-15T15:45:57.424Z] [1]   '--color-warning': '#F59E0B',
[2026-08-15T15:45:57.424Z] [1]   '--color-error': '#EF4444'
[2026-08-15T15:45:57.424Z] [1] }
[2026-08-15T15:45:57.451Z] [1] λ  WARN  props.pointerEvents is deprecated. Use style.pointerEvents
[2026-08-15T15:45:57.456Z] [1] Web node_modules/expo-router/entry.js ▓▓▓▓▓▓▓▓░░░░░░░░ 55.3% (690/928)
[2026-08-15T15:45:57.456Z] [1] Web node_modules/expo-router/entry.js ░░░░░░░░░░░░░░░░  0.0% (0/1)
[2026-08-15T15:45:57.697Z] [1] Web Bundled 719ms node_modules/expo-router/entry.js (1 module)
[2026-08-15T15:45:57.882Z] [1] Web Bundled 3693ms node_modules/expo-router/entry.js (1271 modules)
[2026-08-15T15:45:58.322Z] [1] Web Bundled 48ms node_modules/expo-router/entry.js (1 module)
[2026-08-15T15:45:58.381Z] [1]  LOG  [web] Logs will appear in the browser console
[2026-08-15T15:46:03.427Z] [1]  LOG  [web] Logs will appear in the browser console
[2026-08-15T15:47:53.954Z] [1] EXPO_USE_METRO_WORKSPACE_ROOT is enabled by default, use EXPO_NO_METRO_WORKSPACE_ROOT instead to disable.
[2026-08-15T15:47:53.957Z] [1] EXPO_USE_METRO_WORKSPACE_ROOT is enabled by default, use EXPO_NO_METRO_WORKSPACE_ROOT instead to disable.
[2026-08-15T15:47:53.959Z] [1] Web node_modules/expo-router/entry.js ░░░░░░░░░░░░░░░░  0.0% (0/1)
[2026-08-15T15:47:54.138Z] [1] λ Bundled 49ms node_modules/expo-router/node/render.js (1 module)
[2026-08-15T15:47:54.314Z] [1] λ  LOG  { colorScheme: 'light', setColorScheme: [Function (anonymous)] } {
[2026-08-15T15:47:54.314Z] [1]   '--color-primary': '#6D5DF5',
[2026-08-15T15:47:54.314Z] [1]   '--color-background': '#F6F7FB',
[2026-08-15T15:47:54.314Z] [1]   '--color-surface': '#FFFFFF',
[2026-08-15T15:47:54.314Z] [1]   '--color-foreground': '#171827',
[2026-08-15T15:47:54.314Z] [1]   '--color-muted': '#85879A',
[2026-08-15T15:47:54.314Z] [1]   '--color-border': '#E7E8F0',
[2026-08-15T15:47:54.314Z] [1]   '--color-success': '#42D6B5',
[2026-08-15T15:47:54.314Z] [1]   '--color-warning': '#F59E0B',
[2026-08-15T15:47:54.315Z] [1]   '--color-error': '#EF4444'
[2026-08-15T15:47:54.315Z] [1] }
[2026-08-15T15:47:54.354Z] [1] λ  WARN  props.pointerEvents is deprecated. Use style.pointerEvents
[2026-08-15T15:47:54.361Z] [1] Web node_modules/expo-router/entry.js ░░░░░░░░░░░░░░░░  0.0% (0/1)
[2026-08-15T15:47:54.387Z] [1] Web Bundled 428ms node_modules/expo-router/entry.js (1 module)
[2026-08-15T15:47:54.739Z] [1] Web Bundled 54ms node_modules/expo-router/entry.js (1 module)
[2026-08-15T15:47:56.993Z] [1] EXPO_USE_METRO_WORKSPACE_ROOT is enabled by default, use EXPO_NO_METRO_WORKSPACE_ROOT instead to disable.
[2026-08-15T15:47:56.995Z] [1] EXPO_USE_METRO_WORKSPACE_ROOT is enabled by default, use EXPO_NO_METRO_WORKSPACE_ROOT instead to disable.
[2026-08-15T15:47:57.171Z] [1] λ Bundled 44ms node_modules/expo-router/node/render.js (1 module)
[2026-08-15T15:47:57.300Z] [1] λ  LOG  { colorScheme: 'light', setColorScheme: [Function (anonymous)] } {
[2026-08-15T15:47:57.300Z] [1]   '--color-primary': '#6D5DF5',
[2026-08-15T15:47:57.300Z] [1]   '--color-background': '#F6F7FB',
[2026-08-15T15:47:57.300Z] [1]   '--color-surface': '#FFFFFF',
[2026-08-15T15:47:57.300Z] [1]   '--color-foreground': '#171827',
[2026-08-15T15:47:57.300Z] [1]   '--color-muted': '#85879A',
[2026-08-15T15:47:57.300Z] [1]   '--color-border': '#E7E8F0',
[2026-08-15T15:47:57.300Z] [1]   '--color-success': '#42D6B5',
[2026-08-15T15:47:57.300Z] [1]   '--color-warning': '#F59E0B',
[2026-08-15T15:47:57.300Z] [1]   '--color-error': '#EF4444'
[2026-08-15T15:47:57.300Z] [1] }
[2026-08-15T15:47:57.335Z] [1] λ  WARN  props.pointerEvents is deprecated. Use style.pointerEvents
[2026-08-15T15:47:57.341Z] [1] Web node_modules/expo-router/entry.js ░░░░░░░░░░░░░░░░  0.0% (0/1)
[2026-08-15T15:47:57.364Z] [1] Web Bundled 368ms node_modules/expo-router/entry.js (1 module)
[2026-08-15T15:47:57.461Z] ELIFECYCLE  Command failed.
[2026-08-15T15:47:57.471Z] [1]  ELIFECYCLE  Command failed.
[2026-08-15T15:47:57.472Z] [0]  ELIFECYCLE  Command failed.
[2026-08-15T15:47:57.494Z] [0] 3:47:57 PM [tsx] Previous process hasn't exited yet. Force killing...
[2026-08-15T15:47:57.505Z] [0] pnpm dev:server exited with code SIGTERM
[2026-08-15T15:47:57.505Z] --> Sending SIGTERM to other processes..
[2026-08-15T15:47:57.525Z] [1] pnpm dev:metro exited with code SIGTERM
[2026-08-15T15:47:58.797Z] Lockfile is up to date, resolution step is skipped
[2026-08-15T15:47:59.372Z] Progress: resolved 0, reused 1, downloaded 0, added 0
[2026-08-15T15:47:59.480Z] Dev server exited with code -1
[2026-08-15T15:48:00.505Z] Starting dev server with command: pnpm run dev
[2026-08-15T15:48:01.710Z] > app-template@1.0.0 dev /home/ubuntu/android-chat-app
[2026-08-15T15:48:01.710Z] > concurrently -k "pnpm dev:server" "pnpm dev:metro"
[2026-08-15T15:48:02.446Z] [0]
[2026-08-15T15:48:02.446Z] [0] > app-template@1.0.0 dev:server /home/ubuntu/android-chat-app
[2026-08-15T15:48:02.446Z] [0] > cross-env NODE_ENV=development tsx watch server/_core/index.ts
[2026-08-15T15:48:02.446Z] [0]
[2026-08-15T15:48:02.460Z] [1]
[2026-08-15T15:48:02.460Z] [1] > app-template@1.0.0 dev:metro /home/ubuntu/android-chat-app
[2026-08-15T15:48:02.460Z] [1] > cross-env EXPO_USE_METRO_WORKSPACE_ROOT=1 npx expo start --web --port ${EXPO_PORT:-8081}
[2026-08-15T15:48:02.460Z] [1]
[2026-08-15T15:48:03.265Z] [1] Starting project at /home/ubuntu/android-chat-app
[2026-08-15T15:48:03.711Z] [1] EXPO_USE_METRO_WORKSPACE_ROOT is enabled by default, use EXPO_NO_METRO_WORKSPACE_ROOT instead to disable.
[2026-08-15T15:48:04.119Z] [1] EXPO_USE_METRO_WORKSPACE_ROOT is enabled by default, use EXPO_NO_METRO_WORKSPACE_ROOT instead to disable.
[2026-08-15T15:48:04.120Z] [1] EXPO_USE_METRO_WORKSPACE_ROOT is enabled by default, use EXPO_NO_METRO_WORKSPACE_ROOT instead to disable.
[2026-08-15T15:48:04.121Z] [1] EXPO_USE_METRO_WORKSPACE_ROOT is enabled by default, use EXPO_NO_METRO_WORKSPACE_ROOT instead to disable.
[2026-08-15T15:48:04.394Z] [1] React Compiler enabled
[2026-08-15T15:48:04.582Z] [1] Starting Metro Bundler
[2026-08-15T15:48:04.616Z] [1] EXPO_USE_METRO_WORKSPACE_ROOT is enabled by default, use EXPO_NO_METRO_WORKSPACE_ROOT instead to disable.
[2026-08-15T15:48:06.032Z] [0] [OAuth] Initialized with baseURL: https://api.manus.im
[2026-08-15T15:48:06.174Z] [0] [api] server listening on port 3000
[2026-08-15T15:48:06.860Z] [1] EXPO_USE_METRO_WORKSPACE_ROOT is enabled by default, use EXPO_NO_METRO_WORKSPACE_ROOT instead to disable.
[2026-08-15T15:48:06.862Z] [1] EXPO_USE_METRO_WORKSPACE_ROOT is enabled by default, use EXPO_NO_METRO_WORKSPACE_ROOT instead to disable.
[2026-08-15T15:48:10.143Z] [1] EXPO_USE_METRO_WORKSPACE_ROOT is enabled by default, use EXPO_NO_METRO_WORKSPACE_ROOT instead to disable.
[2026-08-15T15:48:10.144Z] [1] EXPO_USE_METRO_WORKSPACE_ROOT is enabled by default, use EXPO_NO_METRO_WORKSPACE_ROOT instead to disable.
[2026-08-15T15:48:10.790Z] [1] EXPO_USE_METRO_WORKSPACE_ROOT is enabled by default, use EXPO_NO_METRO_WORKSPACE_ROOT instead to disable.
[2026-08-15T15:48:10.791Z] [1] EXPO_USE_METRO_WORKSPACE_ROOT is enabled by default, use EXPO_NO_METRO_WORKSPACE_ROOT instead to disable.
[2026-08-15T15:48:11.161Z] [1] Web node_modules/expo-router/entry.js ░░░░░░░░░░░░░░░░  0.0% (0/1)
[2026-08-15T15:48:11.161Z] [1] λ node_modules/expo-router/node/render.js ░░░░░░░░░░░░░░░░  0.0% (0/1)
[2026-08-15T15:48:11.161Z] [1] Web node_modules/expo-router/entry.js ░░░░░░░░░░░░░░░░  0.0% (0/1)
[2026-08-15T15:48:11.161Z] [1] λ node_modules/expo-router/node/render.js ░░░░░░░░░░░░░░░░  0.0% (0/1)
[2026-08-15T15:48:11.161Z] [1] Web node_modules/expo-router/entry.js ░░░░░░░░░░░░░░░░  0.0% (0/1)
[2026-08-15T15:48:11.161Z] [1] λ node_modules/expo-router/node/render.js ░░░░░░░░░░░░░░░░  0.0% (0/1)
[2026-08-15T15:48:11.170Z] [1] The following packages should be updated for best compatibility with the installed expo version:
[2026-08-15T15:48:11.170Z] [1]   expo@54.0.29 - expected version: ~54.0.36
[2026-08-15T15:48:11.170Z] [1]   expo-audio@1.1.0 - expected version: ~1.1.1
[2026-08-15T15:48:11.170Z] [1]   expo-constants@18.0.12 - expected version: ~18.0.13
[2026-08-15T15:48:11.170Z] [1]   expo-font@14.0.10 - expected version: ~14.0.12
[2026-08-15T15:48:11.170Z] [1]   expo-linking@8.0.10 - expected version: ~8.0.12
[2026-08-15T15:48:11.171Z] [1]   expo-notifications@0.32.15 - expected version: ~0.32.17
[2026-08-15T15:48:11.171Z] [1]   expo-router@6.0.19 - expected version: ~6.0.24
[2026-08-15T15:48:11.171Z] [1]   expo-splash-screen@31.0.12 - expected version: ~31.0.13
[2026-08-15T15:48:11.171Z] [1]   expo-video@3.0.15 - expected version: ~3.0.16
[2026-08-15T15:48:11.171Z] [1]   expo-web-browser@15.0.10 - expected version: ~15.0.11
[2026-08-15T15:48:11.171Z] [1] Your project may not work correctly until you install the expected versions of the packages.
[2026-08-15T15:48:11.179Z] [1] Waiting on http://localhost:8081
[2026-08-15T15:48:11.179Z] [1] Logs for your project will appear below.
[2026-08-15T15:48:11.179Z] [1] Web node_modules/expo-router/entry.js ░░░░░░░░░░░░░░░░  0.0% (0/1)
[2026-08-15T15:48:11.179Z] [1] λ node_modules/expo-router/node/render.js ░░░░░░░░░░░░░░░░  0.0% (0/1)
[2026-08-15T15:48:11.179Z] [1] Web node_modules/expo-router/entry.js ░░░░░░░░░░░░░░░░  0.0% (0/1)
[2026-08-15T15:48:11.179Z] [1] λ node_modules/expo-router/node/render.js ░░░░░░░░░░░░░░░░  0.0% (0/1)
[2026-08-15T15:48:11.179Z] [1] Web node_modules/expo-router/entry.js ░░░░░░░░░░░░░░░░  0.0% (0/1)
[2026-08-15T15:48:11.179Z] [1] λ node_modules/expo-router/node/render.js ░░░░░░░░░░░░░░░░  0.0% (0/1)
[2026-08-15T15:48:11.373Z] [1] EXPO_USE_METRO_WORKSPACE_ROOT is enabled by default, use EXPO_NO_METRO_WORKSPACE_ROOT instead to disable.
[2026-08-15T15:48:11.374Z] [1] EXPO_USE_METRO_WORKSPACE_ROOT is enabled by default, use EXPO_NO_METRO_WORKSPACE_ROOT instead to disable.
[2026-08-15T15:48:12.479Z] [1] EXPO_USE_METRO_WORKSPACE_ROOT is enabled by default, use EXPO_NO_METRO_WORKSPACE_ROOT instead to disable.
[2026-08-15T15:48:12.480Z] [1] EXPO_USE_METRO_WORKSPACE_ROOT is enabled by default, use EXPO_NO_METRO_WORKSPACE_ROOT instead to disable.
[2026-08-15T15:48:13.856Z] [1] λ Bundled 2739ms node_modules/expo-router/node/render.js (1311 modules)
[2026-08-15T15:48:15.712Z] [1] λ  LOG  { colorScheme: 'light', setColorScheme: [Function (anonymous)] } {
[2026-08-15T15:48:15.712Z] [1]   '--color-primary': '#6D5DF5',
[2026-08-15T15:48:15.712Z] [1]   '--color-background': '#F6F7FB',
[2026-08-15T15:48:15.712Z] [1]   '--color-surface': '#FFFFFF',
[2026-08-15T15:48:15.712Z] [1]   '--color-foreground': '#171827',
[2026-08-15T15:48:15.712Z] [1]   '--color-muted': '#85879A',
[2026-08-15T15:48:15.712Z] [1]   '--color-border': '#E7E8F0',
[2026-08-15T15:48:15.712Z] [1]   '--color-success': '#42D6B5',
[2026-08-15T15:48:15.712Z] [1]   '--color-warning': '#F59E0B',
[2026-08-15T15:48:15.712Z] [1]   '--color-error': '#EF4444'
[2026-08-15T15:48:15.712Z] [1] }
[2026-08-15T15:48:15.785Z] [1] λ  WARN  props.pointerEvents is deprecated. Use style.pointerEvents
[2026-08-15T15:48:15.797Z] [1] Web node_modules/expo-router/entry.js ▓▓▓▓▓▓▓▓▓▓▓▓▓▓░░ 90.4% (1/1)
[2026-08-15T15:48:15.797Z] [1] Web node_modules/expo-router/entry.js ░░░░░░░░░░░░░░░░  0.0% (0/1)
[2026-08-15T15:48:15.797Z] [1] λ node_modules/expo-router/node/render.js ░░░░░░░░░░░░░░░░  0.0% (0/1)
[2026-08-15T15:48:15.797Z] [1] Web node_modules/expo-router/entry.js ░░░░░░░░░░░░░░░░  0.0% (0/1)
[2026-08-15T15:48:15.797Z] [1] λ node_modules/expo-router/node/render.js ░░░░░░░░░░░░░░░░  0.0% (0/1)
[2026-08-15T15:48:15.797Z] [1] Web node_modules/expo-router/entry.js ░░░░░░░░░░░░░░░░  0.0% (0/1)
[2026-08-15T15:48:15.797Z] [1] λ node_modules/expo-router/node/render.js ░░░░░░░░░░░░░░░░  0.0% (0/1)
[2026-08-15T15:48:15.797Z] [1] Web node_modules/expo-router/entry.js ░░░░░░░░░░░░░░░░  0.0% (0/1)
[2026-08-15T15:48:15.797Z] [1] λ node_modules/expo-router/node/render.js ░░░░░░░░░░░░░░░░  0.0% (0/1)
[2026-08-15T15:48:15.857Z] [1] λ Bundled 4739ms node_modules/expo-router/node/render.js (1 module)
[2026-08-15T15:48:16.394Z] [1] λ Bundled 4818ms node_modules/expo-router/node/render.js (1 module)
[2026-08-15T15:48:16.394Z] [1] λ Bundled 4592ms node_modules/expo-router/node/render.js (1 module)
[2026-08-15T15:48:16.394Z] [1] λ Bundled 3519ms node_modules/expo-router/node/render.js (1 module)
[2026-08-15T15:48:16.418Z] [1] EXPO_USE_METRO_WORKSPACE_ROOT is enabled by default, use EXPO_NO_METRO_WORKSPACE_ROOT instead to disable.
[2026-08-15T15:48:16.419Z] [1] EXPO_USE_METRO_WORKSPACE_ROOT is enabled by default, use EXPO_NO_METRO_WORKSPACE_ROOT instead to disable.
[2026-08-15T15:48:16.823Z] [1] λ  WARN  props.pointerEvents is deprecated. Use style.pointerEvents
[2026-08-15T15:48:17.069Z] [1] λ  WARN  props.pointerEvents is deprecated. Use style.pointerEvents
[2026-08-15T15:48:17.256Z] [1] λ  WARN  props.pointerEvents is deprecated. Use style.pointerEvents
[2026-08-15T15:48:17.311Z] [1] λ Bundled 39ms node_modules/expo-router/node/render.js (1 module)
[2026-08-15T15:48:17.311Z] [1] λ  LOG  { colorScheme: 'light', setColorScheme: [Function (anonymous)] } {
[2026-08-15T15:48:17.311Z] [1]   '--color-primary': '#6D5DF5',
[2026-08-15T15:48:17.311Z] [1]   '--color-background': '#F6F7FB',
[2026-08-15T15:48:17.311Z] [1]   '--color-surface': '#FFFFFF',
[2026-08-15T15:48:17.311Z] [1]   '--color-foreground': '#171827',
[2026-08-15T15:48:17.311Z] [1]   '--color-muted': '#85879A',
[2026-08-15T15:48:17.311Z] [1]   '--color-border': '#E7E8F0',
[2026-08-15T15:48:17.311Z] [1]   '--color-success': '#42D6B5',
[2026-08-15T15:48:17.311Z] [1]   '--color-warning': '#F59E0B',
[2026-08-15T15:48:17.311Z] [1]   '--color-error': '#EF4444'
[2026-08-15T15:48:17.311Z] [1] }
[2026-08-15T15:48:17.311Z] [1] λ  LOG  { colorScheme: 'light', setColorScheme: [Function (anonymous)] } {
[2026-08-15T15:48:17.311Z] [1]   '--color-primary': '#6D5DF5',
[2026-08-15T15:48:17.311Z] [1]   '--color-background': '#F6F7FB',
[2026-08-15T15:48:17.311Z] [1]   '--color-surface': '#FFFFFF',
[2026-08-15T15:48:17.311Z] [1]   '--color-foreground': '#171827',
[2026-08-15T15:48:17.311Z] [1]   '--color-muted': '#85879A',
[2026-08-15T15:48:17.311Z] [1]   '--color-border': '#E7E8F0',
[2026-08-15T15:48:17.311Z] [1]   '--color-success': '#42D6B5',
[2026-08-15T15:48:17.311Z] [1]   '--color-warning': '#F59E0B',
[2026-08-15T15:48:17.311Z] [1]   '--color-error': '#EF4444'
[2026-08-15T15:48:17.311Z] [1] }
[2026-08-15T15:48:17.311Z] [1] λ  LOG  { colorScheme: 'light', setColorScheme: [Function (anonymous)] } {
[2026-08-15T15:48:17.311Z] [1]   '--color-primary': '#6D5DF5',
[2026-08-15T15:48:17.311Z] [1]   '--color-background': '#F6F7FB',
[2026-08-15T15:48:17.311Z] [1]   '--color-surface': '#FFFFFF',
[2026-08-15T15:48:17.311Z] [1]   '--color-foreground': '#171827',
[2026-08-15T15:48:17.311Z] [1]   '--color-muted': '#85879A',
[2026-08-15T15:48:17.311Z] [1]   '--color-border': '#E7E8F0',
[2026-08-15T15:48:17.311Z] [1]   '--color-success': '#42D6B5',
[2026-08-15T15:48:17.311Z] [1]   '--color-warning': '#F59E0B',
[2026-08-15T15:48:17.311Z] [1]   '--color-error': '#EF4444'
[2026-08-15T15:48:17.311Z] [1] }
[2026-08-15T15:48:17.312Z] [1] Web node_modules/expo-router/entry.js ▓▓▓▓▓▓▓▓▓▓▓▓▓▓░░ 90.4% (1/1)
[2026-08-15T15:48:17.312Z] [1] Web node_modules/expo-router/entry.js ░░░░░░░░░░░░░░░░  0.0% (0/1)
[2026-08-15T15:48:17.312Z] [1] Web node_modules/expo-router/entry.js ░░░░░░░░░░░░░░░░  0.0% (0/1)
[2026-08-15T15:48:17.312Z] [1] Web node_modules/expo-router/entry.js ░░░░░░░░░░░░░░░░  0.0% (0/1)
[2026-08-15T15:48:17.312Z] [1] Web node_modules/expo-router/entry.js ░░░░░░░░░░░░░░░░  0.0% (0/1)
[2026-08-15T15:48:17.312Z] [1] Web node_modules/expo-router/entry.js ░░░░░░░░░░░░░░░░  0.0% (0/1)
[2026-08-15T15:48:17.362Z] [1] Web Bundled 6246ms node_modules/expo-router/entry.js (1 module)
[2026-08-15T15:48:17.543Z] [1] λ  WARN  props.pointerEvents is deprecated. Use style.pointerEvents
[2026-08-15T15:48:17.722Z] [1] λ  WARN  props.pointerEvents is deprecated. Use style.pointerEvents
[2026-08-15T15:48:17.727Z] [1] λ  LOG  { colorScheme: 'light', setColorScheme: [Function (anonymous)] } {
[2026-08-15T15:48:17.727Z] [1]   '--color-primary': '#6D5DF5',
[2026-08-15T15:48:17.727Z] [1]   '--color-background': '#F6F7FB',
[2026-08-15T15:48:17.727Z] [1]   '--color-surface': '#FFFFFF',
[2026-08-15T15:48:17.727Z] [1]   '--color-foreground': '#171827',
[2026-08-15T15:48:17.727Z] [1]   '--color-muted': '#85879A',
[2026-08-15T15:48:17.727Z] [1]   '--color-border': '#E7E8F0',
[2026-08-15T15:48:17.727Z] [1]   '--color-success': '#42D6B5',
[2026-08-15T15:48:17.727Z] [1]   '--color-warning': '#F59E0B',
[2026-08-15T15:48:17.727Z] [1]   '--color-error': '#EF4444'
[2026-08-15T15:48:17.727Z] [1] }
[2026-08-15T15:48:17.727Z] [1] λ  LOG  { colorScheme: 'light', setColorScheme: [Function (anonymous)] } {
[2026-08-15T15:48:17.727Z] [1]   '--color-primary': '#6D5DF5',
[2026-08-15T15:48:17.727Z] [1]   '--color-background': '#F6F7FB',
[2026-08-15T15:48:17.727Z] [1]   '--color-surface': '#FFFFFF',
[2026-08-15T15:48:17.727Z] [1]   '--color-foreground': '#171827',
[2026-08-15T15:48:17.727Z] [1]   '--color-muted': '#85879A',
[2026-08-15T15:48:17.727Z] [1]   '--color-border': '#E7E8F0',
[2026-08-15T15:48:17.727Z] [1]   '--color-success': '#42D6B5',
[2026-08-15T15:48:17.727Z] [1]   '--color-warning': '#F59E0B',
[2026-08-15T15:48:17.727Z] [1]   '--color-error': '#EF4444'
[2026-08-15T15:48:17.727Z] [1] }
[2026-08-15T15:48:17.727Z] [1] Web node_modules/expo-router/entry.js ░░░░░░░░░░░░░░░░  0.0% (0/1)
[2026-08-15T15:48:17.727Z] [1] Web node_modules/expo-router/entry.js ░░░░░░░░░░░░░░░░  0.0% (0/1)
[2026-08-15T15:48:17.727Z] [1] Web node_modules/expo-router/entry.js ░░░░░░░░░░░░░░░░  0.0% (0/1)
[2026-08-15T15:48:17.727Z] [1] Web node_modules/expo-router/entry.js ░░░░░░░░░░░░░░░░  0.0% (0/1)
[2026-08-15T15:48:17.727Z] [1] Web node_modules/expo-router/entry.js ░░░░░░░░░░░░░░░░  0.0% (0/1)
[2026-08-15T15:48:17.740Z] [1] EXPO_USE_METRO_WORKSPACE_ROOT is enabled by default, use EXPO_NO_METRO_WORKSPACE_ROOT instead to disable.
[2026-08-15T15:48:17.741Z] [1] EXPO_USE_METRO_WORKSPACE_ROOT is enabled by default, use EXPO_NO_METRO_WORKSPACE_ROOT instead to disable.
[2026-08-15T15:48:17.900Z] [1] λ Bundled 38ms node_modules/expo-router/node/render.js (1 module)
[2026-08-15T15:48:17.901Z] [1] Web Bundled 6783ms node_modules/expo-router/entry.js (1 module)
[2026-08-15T15:48:18.171Z] [1] λ  WARN  props.pointerEvents is deprecated. Use style.pointerEvents
[2026-08-15T15:48:18.175Z] [1] Web Bundled 6808ms node_modules/expo-router/entry.js (1 module)
[2026-08-15T15:48:18.175Z] [1] Web Bundled 6578ms node_modules/expo-router/entry.js (1 module)
[2026-08-15T15:48:18.175Z] [1] Web Bundled 5499ms node_modules/expo-router/entry.js (1 module)
[2026-08-15T15:48:18.175Z] [1] λ  LOG  { colorScheme: 'light', setColorScheme: [Function (anonymous)] } {
[2026-08-15T15:48:18.175Z] [1]   '--color-primary': '#6D5DF5',
[2026-08-15T15:48:18.175Z] [1]   '--color-background': '#F6F7FB',
[2026-08-15T15:48:18.175Z] [1]   '--color-surface': '#FFFFFF',
[2026-08-15T15:48:18.175Z] [1]   '--color-foreground': '#171827',
[2026-08-15T15:48:18.175Z] [1]   '--color-muted': '#85879A',
[2026-08-15T15:48:18.175Z] [1]   '--color-border': '#E7E8F0',
[2026-08-15T15:48:18.175Z] [1]   '--color-success': '#42D6B5',
[2026-08-15T15:48:18.175Z] [1]   '--color-warning': '#F59E0B',
[2026-08-15T15:48:18.175Z] [1]   '--color-error': '#EF4444'
[2026-08-15T15:48:18.175Z] [1] }
[2026-08-15T15:48:18.175Z] [1] Web node_modules/expo-router/entry.js ░░░░░░░░░░░░░░░░  0.0% (0/1)
[2026-08-15T15:48:18.175Z] [1] Web node_modules/expo-router/entry.js ░░░░░░░░░░░░░░░░  0.0% (0/1)
[2026-08-15T15:48:18.199Z] [1] EXPO_USE_METRO_WORKSPACE_ROOT is enabled by default, use EXPO_NO_METRO_WORKSPACE_ROOT instead to disable.
[2026-08-15T15:48:18.200Z] [1] EXPO_USE_METRO_WORKSPACE_ROOT is enabled by default, use EXPO_NO_METRO_WORKSPACE_ROOT instead to disable.
[2026-08-15T15:48:18.358Z] [1] λ Bundled 37ms node_modules/expo-router/node/render.js (1 module)
[2026-08-15T15:48:18.484Z] [1] λ  LOG  { colorScheme: 'light', setColorScheme: [Function (anonymous)] } {
[2026-08-15T15:48:18.484Z] [1]   '--color-primary': '#6D5DF5',
[2026-08-15T15:48:18.484Z] [1]   '--color-background': '#F6F7FB',
[2026-08-15T15:48:18.484Z] [1]   '--color-surface': '#FFFFFF',
[2026-08-15T15:48:18.484Z] [1]   '--color-foreground': '#171827',
[2026-08-15T15:48:18.484Z] [1]   '--color-muted': '#85879A',
[2026-08-15T15:48:18.484Z] [1]   '--color-border': '#E7E8F0',
[2026-08-15T15:48:18.484Z] [1]   '--color-success': '#42D6B5',
[2026-08-15T15:48:18.484Z] [1]   '--color-warning': '#F59E0B',
[2026-08-15T15:48:18.484Z] [1]   '--color-error': '#EF4444'
[2026-08-15T15:48:18.484Z] [1] }
[2026-08-15T15:48:18.511Z] [1] λ  WARN  props.pointerEvents is deprecated. Use style.pointerEvents
[2026-08-15T15:48:18.515Z] [1] Web node_modules/expo-router/entry.js ░░░░░░░░░░░░░░░░  0.0% (0/1)
[2026-08-15T15:48:18.515Z] [1] Web node_modules/expo-router/entry.js ░░░░░░░░░░░░░░░░  0.0% (0/1)
[2026-08-15T15:48:18.515Z] [1] Web node_modules/expo-router/entry.js ░░░░░░░░░░░░░░░░  0.0% (0/1)
[2026-08-15T15:48:18.530Z] [1] EXPO_USE_METRO_WORKSPACE_ROOT is enabled by default, use EXPO_NO_METRO_WORKSPACE_ROOT instead to disable.
[2026-08-15T15:48:18.531Z] [1] EXPO_USE_METRO_WORKSPACE_ROOT is enabled by default, use EXPO_NO_METRO_WORKSPACE_ROOT instead to disable.
[2026-08-15T15:48:18.685Z] [1] λ Bundled 31ms node_modules/expo-router/node/render.js (1 module)
[2026-08-15T15:48:18.685Z] [1] Web Bundled 2264ms node_modules/expo-router/entry.js (1 module)
[2026-08-15T15:48:18.868Z] [1] λ  WARN  props.pointerEvents is deprecated. Use style.pointerEvents
[2026-08-15T15:48:18.872Z] [1] λ  LOG  { colorScheme: 'light', setColorScheme: [Function (anonymous)] } {
[2026-08-15T15:48:18.872Z] [1]   '--color-primary': '#6D5DF5',
[2026-08-15T15:48:18.872Z] [1]   '--color-background': '#F6F7FB',
[2026-08-15T15:48:18.872Z] [1]   '--color-surface': '#FFFFFF',
[2026-08-15T15:48:18.872Z] [1]   '--color-foreground': '#171827',
[2026-08-15T15:48:18.872Z] [1]   '--color-muted': '#85879A',
[2026-08-15T15:48:18.872Z] [1]   '--color-border': '#E7E8F0',
[2026-08-15T15:48:18.872Z] [1]   '--color-success': '#42D6B5',
[2026-08-15T15:48:18.873Z] [1]   '--color-warning': '#F59E0B',
[2026-08-15T15:48:18.873Z] [1]   '--color-error': '#EF4444'
[2026-08-15T15:48:18.873Z] [1] }
[2026-08-15T15:48:18.873Z] [1] Web node_modules/expo-router/entry.js ░░░░░░░░░░░░░░░░  0.0% (0/1)
[2026-08-15T15:48:18.873Z] [1] Web node_modules/expo-router/entry.js ░░░░░░░░░░░░░░░░  0.0% (0/1)
[2026-08-15T15:48:18.873Z] [1] Web node_modules/expo-router/entry.js ░░░░░░░░░░░░░░░░  0.0% (0/1)
[2026-08-15T15:48:18.873Z] [1] Web node_modules/expo-router/entry.js ░░░░░░░░░░░░░░░░  0.0% (0/1)
[2026-08-15T15:48:18.892Z] [1] Web Bundled 1149ms node_modules/expo-router/entry.js (1 module)
[2026-08-15T15:48:18.960Z] [1] Web Bundled 726ms node_modules/expo-router/entry.js (1 module)
[2026-08-15T15:48:18.960Z] [1] Error: Premature close
[2026-08-15T15:48:18.961Z] [1]     at onclose (node:internal/streams/end-of-stream:158:30)
[2026-08-15T15:48:18.961Z] [1]     at processTicksAndRejections (node:internal/process/task_queues:85:11)
[2026-08-15T15:48:18.962Z] [1] Web Bundled 430ms node_modules/expo-router/entry.js (1 module)
[2026-08-15T15:48:18.993Z] [1] Error: Premature close
[2026-08-15T15:48:18.993Z] [1]     at onclose (node:internal/streams/end-of-stream:158:30)
[2026-08-15T15:48:18.993Z] [1]     at processTicksAndRejections (node:internal/process/task_queues:85:11)
[2026-08-15T15:48:18.996Z] [1] EXPO_USE_METRO_WORKSPACE_ROOT is enabled by default, use EXPO_NO_METRO_WORKSPACE_ROOT instead to disable.
[2026-08-15T15:48:18.997Z] [1] EXPO_USE_METRO_WORKSPACE_ROOT is enabled by default, use EXPO_NO_METRO_WORKSPACE_ROOT instead to disable.
[2026-08-15T15:48:19.168Z] [1] λ Bundled 35ms node_modules/expo-router/node/render.js (1 module)
[2026-08-15T15:48:19.357Z] [1] λ  LOG  { colorScheme: 'light', setColorScheme: [Function (anonymous)] } {
[2026-08-15T15:48:19.358Z] [1]   '--color-primary': '#6D5DF5',
[2026-08-15T15:48:19.358Z] [1]   '--color-background': '#F6F7FB',
[2026-08-15T15:48:19.358Z] [1]   '--color-surface': '#FFFFFF',
[2026-08-15T15:48:19.358Z] [1]   '--color-foreground': '#171827',
[2026-08-15T15:48:19.358Z] [1]   '--color-muted': '#85879A',
[2026-08-15T15:48:19.358Z] [1]   '--color-border': '#E7E8F0',
[2026-08-15T15:48:19.358Z] [1]   '--color-success': '#42D6B5',
[2026-08-15T15:48:19.358Z] [1]   '--color-warning': '#F59E0B',
[2026-08-15T15:48:19.358Z] [1]   '--color-error': '#EF4444'
[2026-08-15T15:48:19.358Z] [1] }
[2026-08-15T15:48:19.388Z] [1] λ  WARN  props.pointerEvents is deprecated. Use style.pointerEvents
[2026-08-15T15:48:19.392Z] [1] Web node_modules/expo-router/entry.js ░░░░░░░░░░░░░░░░  0.0% (0/1)
[2026-08-15T15:48:19.392Z] [1] Web node_modules/expo-router/entry.js ░░░░░░░░░░░░░░░░  0.0% (0/1)
[2026-08-15T15:48:19.412Z] [1] EXPO_USE_METRO_WORKSPACE_ROOT is enabled by default, use EXPO_NO_METRO_WORKSPACE_ROOT instead to disable.
[2026-08-15T15:48:19.414Z] [1] EXPO_USE_METRO_WORKSPACE_ROOT is enabled by default, use EXPO_NO_METRO_WORKSPACE_ROOT instead to disable.
[2026-08-15T15:48:19.575Z] [1] λ Bundled 35ms node_modules/expo-router/node/render.js (1 module)
[2026-08-15T15:48:19.711Z] [1] λ  LOG  { colorScheme: 'light', setColorScheme: [Function (anonymous)] } {
[2026-08-15T15:48:19.711Z] [1]   '--color-primary': '#6D5DF5',
[2026-08-15T15:48:19.711Z] [1]   '--color-background': '#F6F7FB',
[2026-08-15T15:48:19.711Z] [1]   '--color-surface': '#FFFFFF',
[2026-08-15T15:48:19.711Z] [1]   '--color-foreground': '#171827',
[2026-08-15T15:48:19.711Z] [1]   '--color-muted': '#85879A',
[2026-08-15T15:48:19.711Z] [1]   '--color-border': '#E7E8F0',
[2026-08-15T15:48:19.711Z] [1]   '--color-success': '#42D6B5',
[2026-08-15T15:48:19.711Z] [1]   '--color-warning': '#F59E0B',
[2026-08-15T15:48:19.711Z] [1]   '--color-error': '#EF4444'
[2026-08-15T15:48:19.711Z] [1] }
[2026-08-15T15:48:19.738Z] [1] λ  WARN  props.pointerEvents is deprecated. Use style.pointerEvents
[2026-08-15T15:48:19.742Z] [1] Web node_modules/expo-router/entry.js ░░░░░░░░░░░░░░░░  0.0% (0/1)
[2026-08-15T15:48:19.742Z] [1] Web node_modules/expo-router/entry.js ░░░░░░░░░░░░░░░░  0.0% (0/1)
[2026-08-15T15:48:19.742Z] [1] Web node_modules/expo-router/entry.js ░░░░░░░░░░░░░░░░  0.0% (0/1)
[2026-08-15T15:48:19.758Z] [1] Web Bundled 760ms node_modules/expo-router/entry.js (1 module)
[2026-08-15T15:48:19.787Z] [1] Error: Premature close
[2026-08-15T15:48:19.787Z] [1]     at onclose (node:internal/streams/end-of-stream:158:30)
[2026-08-15T15:48:19.787Z] [1]     at processTicksAndRejections (node:internal/process/task_queues:85:11)
[2026-08-15T15:48:19.821Z] [1] Web Bundled 374ms node_modules/expo-router/entry.js (1 module)
[2026-08-15T15:48:20.915Z] [1] Web Bundled 2398ms node_modules/expo-router/entry.js (1310 modules)
[2026-08-15T15:48:20.965Z] [1] Web Bundled 628ms node_modules/expo-router/entry.js (1 module)
[2026-08-15T15:48:21.362Z] [1]  LOG  [web] Logs will appear in the browser console
[2026-08-15T15:48:25.016Z] [1]  LOG  [web] Logs will appear in the browser console
[2026-08-15T15:48:52.149Z] [0] 3:48:52 PM [tsx] change in ./server/db.ts Restarting...
[2026-08-15T15:48:55.679Z] [0] c
[2026-08-15T15:48:55.679Z] [1] EXPO_USE_METRO_WORKSPACE_ROOT is enabled by default, use EXPO_NO_METRO_WORKSPACE_ROOT instead to disable.
[2026-08-15T15:48:55.681Z] [1] EXPO_USE_METRO_WORKSPACE_ROOT is enabled by default, use EXPO_NO_METRO_WORKSPACE_ROOT instead to disable.
[2026-08-15T15:48:55.683Z] [1] Web node_modules/expo-router/entry.js ░░░░░░░░░░░░░░░░  0.0% (0/1)
[2026-08-15T15:48:55.706Z] [0] [OAuth] Initialized with baseURL: https://api.manus.im
[2026-08-15T15:48:55.760Z] [1] λ Bundled 77ms node_modules/expo-router/node/render.js (1 module)
[2026-08-15T15:48:55.886Z] [0] [api] server listening on port 3000
[2026-08-15T15:48:56.055Z] [1] λ  LOG  { colorScheme: 'light', setColorScheme: [Function (anonymous)] } {
[2026-08-15T15:48:56.055Z] [1]   '--color-primary': '#6D5DF5',
[2026-08-15T15:48:56.055Z] [1]   '--color-background': '#F6F7FB',
[2026-08-15T15:48:56.055Z] [1]   '--color-surface': '#FFFFFF',
[2026-08-15T15:48:56.055Z] [1]   '--color-foreground': '#171827',
[2026-08-15T15:48:56.055Z] [1]   '--color-muted': '#85879A',
[2026-08-15T15:48:56.055Z] [1]   '--color-border': '#E7E8F0',
[2026-08-15T15:48:56.055Z] [1]   '--color-success': '#42D6B5',
[2026-08-15T15:48:56.055Z] [1]   '--color-warning': '#F59E0B',
[2026-08-15T15:48:56.055Z] [1]   '--color-error': '#EF4444'
[2026-08-15T15:48:56.055Z] [1] }
[2026-08-15T15:48:56.092Z] [1] λ  WARN  props.pointerEvents is deprecated. Use style.pointerEvents
[2026-08-15T15:48:56.097Z] [1] Web node_modules/expo-router/entry.js ░░░░░░░░░░░░░░░░  0.0% (0/1)
[2026-08-15T15:48:56.115Z] [1] EXPO_USE_METRO_WORKSPACE_ROOT is enabled by default, use EXPO_NO_METRO_WORKSPACE_ROOT instead to disable.
[2026-08-15T15:48:56.116Z] [1] EXPO_USE_METRO_WORKSPACE_ROOT is enabled by default, use EXPO_NO_METRO_WORKSPACE_ROOT instead to disable.
[2026-08-15T15:48:56.313Z] [1] λ Bundled 57ms node_modules/expo-router/node/render.js (1 module)
[2026-08-15T15:48:56.321Z] [1] EXPO_USE_METRO_WORKSPACE_ROOT is enabled by default, use EXPO_NO_METRO_WORKSPACE_ROOT instead to disable.
[2026-08-15T15:48:56.323Z] [1] EXPO_USE_METRO_WORKSPACE_ROOT is enabled by default, use EXPO_NO_METRO_WORKSPACE_ROOT instead to disable.
[2026-08-15T15:48:56.643Z] [1] λ  WARN  props.pointerEvents is deprecated. Use style.pointerEvents
[2026-08-15T15:48:56.699Z] [1] λ Bundled 67ms node_modules/expo-router/node/render.js (1 module)
[2026-08-15T15:48:56.699Z] [1] λ  LOG  { colorScheme: 'light', setColorScheme: [Function (anonymous)] } {
[2026-08-15T15:48:56.699Z] [1]   '--color-primary': '#6D5DF5',
[2026-08-15T15:48:56.699Z] [1]   '--color-background': '#F6F7FB',
[2026-08-15T15:48:56.699Z] [1]   '--color-surface': '#FFFFFF',
[2026-08-15T15:48:56.699Z] [1]   '--color-foreground': '#171827',
[2026-08-15T15:48:56.699Z] [1]   '--color-muted': '#85879A',
[2026-08-15T15:48:56.699Z] [1]   '--color-border': '#E7E8F0',
[2026-08-15T15:48:56.699Z] [1]   '--color-success': '#42D6B5',
[2026-08-15T15:48:56.699Z] [1]   '--color-warning': '#F59E0B',
[2026-08-15T15:48:56.699Z] [1]   '--color-error': '#EF4444'
[2026-08-15T15:48:56.699Z] [1] }
[2026-08-15T15:48:56.699Z] [1] Web node_modules/expo-router/entry.js ░░░░░░░░░░░░░░░░  0.0% (0/1)
[2026-08-15T15:48:56.699Z] [1] Web node_modules/expo-router/entry.js ░░░░░░░░░░░░░░░░  0.0% (0/1)
[2026-08-15T15:48:56.699Z] [1] Web node_modules/expo-router/entry.js ░░░░░░░░░░░░░░░░  0.0% (0/1)
[2026-08-15T15:48:56.823Z] [1] λ  LOG  { colorScheme: 'light', setColorScheme: [Function (anonymous)] } {
[2026-08-15T15:48:56.823Z] [1]   '--color-primary': '#6D5DF5',
[2026-08-15T15:48:56.823Z] [1]   '--color-background': '#F6F7FB',
[2026-08-15T15:48:56.823Z] [1]   '--color-surface': '#FFFFFF',
[2026-08-15T15:48:56.823Z] [1]   '--color-foreground': '#171827',
[2026-08-15T15:48:56.823Z] [1]   '--color-muted': '#85879A',
[2026-08-15T15:48:56.823Z] [1]   '--color-border': '#E7E8F0',
[2026-08-15T15:48:56.823Z] [1]   '--color-success': '#42D6B5',
[2026-08-15T15:48:56.823Z] [1]   '--color-warning': '#F59E0B',
[2026-08-15T15:48:56.823Z] [1]   '--color-error': '#EF4444'
[2026-08-15T15:48:56.823Z] [1] }
[2026-08-15T15:48:56.856Z] [1] λ  WARN  props.pointerEvents is deprecated. Use style.pointerEvents
[2026-08-15T15:48:56.862Z] [1] Web node_modules/expo-router/entry.js ░░░░░░░░░░░░░░░░  0.0% (0/1)
[2026-08-15T15:48:56.862Z] [1] Web node_modules/expo-router/entry.js ░░░░░░░░░░░░░░░░  0.0% (0/1)
[2026-08-15T15:48:56.862Z] [1] Web node_modules/expo-router/entry.js ░░░░░░░░░░░░░░░░  0.0% (0/1)
[2026-08-15T15:48:56.895Z] [1] Web Bundled 1212ms node_modules/expo-router/entry.js (1 module)
[2026-08-15T15:48:56.923Z] [1] Error: Premature close
[2026-08-15T15:48:56.923Z] [1]     at onclose (node:internal/streams/end-of-stream:158:30)
[2026-08-15T15:48:56.923Z] [1]     at processTicksAndRejections (node:internal/process/task_queues:85:11)
[2026-08-15T15:48:56.958Z] [1] Web Bundled 806ms node_modules/expo-router/entry.js (1 module)
[2026-08-15T15:48:56.959Z] [1] Web Bundled 635ms node_modules/expo-router/entry.js (1 module)
[2026-08-15T15:48:56.989Z] [1] Error: Premature close
[2026-08-15T15:48:56.989Z] [1]     at onclose (node:internal/streams/end-of-stream:158:30)
[2026-08-15T15:48:56.989Z] [1]     at processTicksAndRejections (node:internal/process/task_queues:85:11)
[2026-08-15T15:48:57.378Z] [1] Web Bundled 48ms node_modules/expo-router/entry.js (1 module)
[2026-08-15T15:48:59.234Z] ELIFECYCLE  Command failed.
[2026-08-15T15:48:59.248Z] [0] 3:48:59 PM [tsx] Previous process hasn't exited yet. Force killing...
[2026-08-15T15:48:59.248Z] [0]  ELIFECYCLE  Command failed.
[2026-08-15T15:48:59.248Z] [1]  ELIFECYCLE  Command failed.
[2026-08-15T15:48:59.278Z] [0] pnpm dev:server exited with code SIGTERM
[2026-08-15T15:48:59.279Z] --> Sending SIGTERM to other processes..
[2026-08-15T15:48:59.820Z] [1] pnpm dev:metro exited with code SIGTERM
[2026-08-15T15:49:00.581Z] Lockfile is up to date, resolution step is skipped
[2026-08-15T15:49:01.259Z] Dev server exited with code -1
[2026-08-15T15:49:02.282Z] Starting dev server with command: pnpm run dev
[2026-08-15T15:49:03.506Z] > app-template@1.0.0 dev /home/ubuntu/android-chat-app
[2026-08-15T15:49:03.506Z] > concurrently -k "pnpm dev:server" "pnpm dev:metro"
[2026-08-15T15:49:04.257Z] [0]
[2026-08-15T15:49:04.257Z] [0] > app-template@1.0.0 dev:server /home/ubuntu/android-chat-app
[2026-08-15T15:49:04.257Z] [0] > cross-env NODE_ENV=development tsx watch server/_core/index.ts
[2026-08-15T15:49:04.257Z] [0]
[2026-08-15T15:49:04.263Z] [1]
[2026-08-15T15:49:04.264Z] [1] > app-template@1.0.0 dev:metro /home/ubuntu/android-chat-app
[2026-08-15T15:49:04.264Z] [1] > cross-env EXPO_USE_METRO_WORKSPACE_ROOT=1 npx expo start --web --port ${EXPO_PORT:-8081}
[2026-08-15T15:49:04.264Z] [1]
[2026-08-15T15:49:04.324Z] ELIFECYCLE  Command failed.
[2026-08-15T15:49:04.329Z] [1]  ELIFECYCLE  Command failed.
[2026-08-15T15:49:04.331Z] [0]  ELIFECYCLE  Command failed.
[2026-08-15T15:49:04.333Z] [1] pnpm dev:metro exited with code SIGTERM
[2026-08-15T15:49:04.333Z] --> Sending SIGTERM to other processes..
[2026-08-15T15:49:04.337Z] [0] pnpm dev:server exited with code SIGTERM
[2026-08-15T15:49:05.711Z] Lockfile is up to date, resolution step is skipped
[2026-08-15T15:49:06.346Z] Dev server exited with code -1
[2026-08-15T15:49:07.373Z] Starting dev server with command: pnpm run dev
[2026-08-15T15:49:08.561Z] > app-template@1.0.0 dev /home/ubuntu/android-chat-app
[2026-08-15T15:49:08.561Z] > concurrently -k "pnpm dev:server" "pnpm dev:metro"
[2026-08-15T15:49:09.274Z] [1]
[2026-08-15T15:49:09.274Z] [1] > app-template@1.0.0 dev:metro /home/ubuntu/android-chat-app
[2026-08-15T15:49:09.274Z] [1] > cross-env EXPO_USE_METRO_WORKSPACE_ROOT=1 npx expo start --web --port ${EXPO_PORT:-8081}
[2026-08-15T15:49:09.274Z] [1]
[2026-08-15T15:49:09.300Z] [0]
[2026-08-15T15:49:09.300Z] [0] > app-template@1.0.0 dev:server /home/ubuntu/android-chat-app
[2026-08-15T15:49:09.300Z] [0] > cross-env NODE_ENV=development tsx watch server/_core/index.ts
[2026-08-15T15:49:09.300Z] [0]
[2026-08-15T15:49:09.377Z] ELIFECYCLE  Command failed.
[2026-08-15T15:49:09.385Z] [0]  ELIFECYCLE  Command failed.
[2026-08-15T15:49:09.385Z] [1]  ELIFECYCLE  Command failed.
[2026-08-15T15:49:09.388Z] [0] pnpm dev:server exited with code SIGTERM
[2026-08-15T15:49:09.389Z] --> Sending SIGTERM to other processes..
[2026-08-15T15:49:09.393Z] [1] pnpm dev:metro exited with code SIGTERM
[2026-08-15T15:49:10.727Z] Lockfile is up to date, resolution step is skipped
[2026-08-15T15:49:11.115Z] Progress: resolved 0, reused 1, downloaded 0, added 0
[2026-08-15T15:49:11.403Z] Dev server exited with code -1
[2026-08-15T15:49:12.421Z] Starting dev server with command: pnpm run dev
[2026-08-15T15:49:13.655Z] > app-template@1.0.0 dev /home/ubuntu/android-chat-app
[2026-08-15T15:49:13.656Z] > concurrently -k "pnpm dev:server" "pnpm dev:metro"
[2026-08-15T15:49:14.353Z] [1]
[2026-08-15T15:49:14.353Z] [1] > app-template@1.0.0 dev:metro /home/ubuntu/android-chat-app
[2026-08-15T15:49:14.353Z] [1] > cross-env EXPO_USE_METRO_WORKSPACE_ROOT=1 npx expo start --web --port ${EXPO_PORT:-8081}
[2026-08-15T15:49:14.353Z] [1]
[2026-08-15T15:49:14.354Z] [0]
[2026-08-15T15:49:14.354Z] [0] > app-template@1.0.0 dev:server /home/ubuntu/android-chat-app
[2026-08-15T15:49:14.354Z] [0] > cross-env NODE_ENV=development tsx watch server/_core/index.ts
[2026-08-15T15:49:14.354Z] [0]
[2026-08-15T15:49:14.425Z] ELIFECYCLE  Command failed.
[2026-08-15T15:49:14.435Z] [1]  ELIFECYCLE  Command failed.
[2026-08-15T15:49:14.435Z] [0]  ELIFECYCLE  Command failed.
[2026-08-15T15:49:14.437Z] [0] pnpm dev:server exited with code SIGTERM
[2026-08-15T15:49:14.437Z] --> Sending SIGTERM to other processes..
[2026-08-15T15:49:14.440Z] [1] pnpm dev:metro exited with code SIGTERM
[2026-08-15T15:49:14.456Z] Dev server exited with code -1
[2026-08-15T15:49:15.560Z] Starting dev server with command: pnpm run dev
[2026-08-15T15:49:16.726Z] > app-template@1.0.0 dev /home/ubuntu/android-chat-app
[2026-08-15T15:49:16.726Z] > concurrently -k "pnpm dev:server" "pnpm dev:metro"
[2026-08-15T15:49:17.432Z] [1]
[2026-08-15T15:49:17.432Z] [1] > app-template@1.0.0 dev:metro /home/ubuntu/android-chat-app
[2026-08-15T15:49:17.432Z] [1] > cross-env EXPO_USE_METRO_WORKSPACE_ROOT=1 npx expo start --web --port ${EXPO_PORT:-8081}
[2026-08-15T15:49:17.432Z] [1]
[2026-08-15T15:49:17.432Z] [0]
[2026-08-15T15:49:17.432Z] [0] > app-template@1.0.0 dev:server /home/ubuntu/android-chat-app
[2026-08-15T15:49:17.432Z] [0] > cross-env NODE_ENV=development tsx watch server/_core/index.ts
[2026-08-15T15:49:17.433Z] [0]
[2026-08-15T15:49:18.236Z] [1] Starting project at /home/ubuntu/android-chat-app
[2026-08-15T15:49:18.668Z] [1] EXPO_USE_METRO_WORKSPACE_ROOT is enabled by default, use EXPO_NO_METRO_WORKSPACE_ROOT instead to disable.
[2026-08-15T15:49:19.069Z] [1] EXPO_USE_METRO_WORKSPACE_ROOT is enabled by default, use EXPO_NO_METRO_WORKSPACE_ROOT instead to disable.
[2026-08-15T15:49:19.069Z] [1] EXPO_USE_METRO_WORKSPACE_ROOT is enabled by default, use EXPO_NO_METRO_WORKSPACE_ROOT instead to disable.
[2026-08-15T15:49:19.070Z] [1] EXPO_USE_METRO_WORKSPACE_ROOT is enabled by default, use EXPO_NO_METRO_WORKSPACE_ROOT instead to disable.
[2026-08-15T15:49:19.327Z] [1] React Compiler enabled
[2026-08-15T15:49:19.537Z] [1] Starting Metro Bundler
[2026-08-15T15:49:19.571Z] [1] EXPO_USE_METRO_WORKSPACE_ROOT is enabled by default, use EXPO_NO_METRO_WORKSPACE_ROOT instead to disable.
[2026-08-15T15:49:20.249Z] [1] EXPO_USE_METRO_WORKSPACE_ROOT is enabled by default, use EXPO_NO_METRO_WORKSPACE_ROOT instead to disable.
[2026-08-15T15:49:20.251Z] [1] EXPO_USE_METRO_WORKSPACE_ROOT is enabled by default, use EXPO_NO_METRO_WORKSPACE_ROOT instead to disable.
[2026-08-15T15:49:21.004Z] [0] [OAuth] Initialized with baseURL: https://api.manus.im
[2026-08-15T15:49:21.144Z] [0] [api] server listening on port 3000
[2026-08-15T15:49:21.908Z] [1] EXPO_USE_METRO_WORKSPACE_ROOT is enabled by default, use EXPO_NO_METRO_WORKSPACE_ROOT instead to disable.
[2026-08-15T15:49:21.909Z] [1] EXPO_USE_METRO_WORKSPACE_ROOT is enabled by default, use EXPO_NO_METRO_WORKSPACE_ROOT instead to disable.
[2026-08-15T15:49:24.516Z] [1] EXPO_USE_METRO_WORKSPACE_ROOT is enabled by default, use EXPO_NO_METRO_WORKSPACE_ROOT instead to disable.
[2026-08-15T15:49:24.517Z] [1] EXPO_USE_METRO_WORKSPACE_ROOT is enabled by default, use EXPO_NO_METRO_WORKSPACE_ROOT instead to disable.
[2026-08-15T15:49:24.624Z] [1] EXPO_USE_METRO_WORKSPACE_ROOT is enabled by default, use EXPO_NO_METRO_WORKSPACE_ROOT instead to disable.
[2026-08-15T15:49:24.625Z] [1] EXPO_USE_METRO_WORKSPACE_ROOT is enabled by default, use EXPO_NO_METRO_WORKSPACE_ROOT instead to disable.
[2026-08-15T15:49:25.199Z] [1] EXPO_USE_METRO_WORKSPACE_ROOT is enabled by default, use EXPO_NO_METRO_WORKSPACE_ROOT instead to disable.
[2026-08-15T15:49:25.200Z] [1] EXPO_USE_METRO_WORKSPACE_ROOT is enabled by default, use EXPO_NO_METRO_WORKSPACE_ROOT instead to disable.
[2026-08-15T15:49:25.508Z] [1] EXPO_USE_METRO_WORKSPACE_ROOT is enabled by default, use EXPO_NO_METRO_WORKSPACE_ROOT instead to disable.
[2026-08-15T15:49:25.509Z] [1] EXPO_USE_METRO_WORKSPACE_ROOT is enabled by default, use EXPO_NO_METRO_WORKSPACE_ROOT instead to disable.
[2026-08-15T15:49:25.734Z] [1] EXPO_USE_METRO_WORKSPACE_ROOT is enabled by default, use EXPO_NO_METRO_WORKSPACE_ROOT instead to disable.
[2026-08-15T15:49:25.735Z] [1] EXPO_USE_METRO_WORKSPACE_ROOT is enabled by default, use EXPO_NO_METRO_WORKSPACE_ROOT instead to disable.
[2026-08-15T15:49:26.124Z] [1] The following packages should be updated for best compatibility with the installed expo version:
[2026-08-15T15:49:26.124Z] [1]   expo@54.0.29 - expected version: ~54.0.36
[2026-08-15T15:49:26.124Z] [1]   expo-audio@1.1.0 - expected version: ~1.1.1
[2026-08-15T15:49:26.124Z] [1]   expo-constants@18.0.12 - expected version: ~18.0.13
[2026-08-15T15:49:26.124Z] [1]   expo-font@14.0.10 - expected version: ~14.0.12
[2026-08-15T15:49:26.124Z] [1]   expo-linking@8.0.10 - expected version: ~8.0.12
[2026-08-15T15:49:26.124Z] [1]   expo-notifications@0.32.15 - expected version: ~0.32.17
[2026-08-15T15:49:26.124Z] [1]   expo-router@6.0.19 - expected version: ~6.0.24
[2026-08-15T15:49:26.125Z] [1]   expo-splash-screen@31.0.12 - expected version: ~31.0.13
[2026-08-15T15:49:26.125Z] [1]   expo-video@3.0.15 - expected version: ~3.0.16
[2026-08-15T15:49:26.125Z] [1]   expo-web-browser@15.0.10 - expected version: ~15.0.11
[2026-08-15T15:49:26.125Z] [1] Your project may not work correctly until you install the expected versions of the packages.
[2026-08-15T15:49:26.134Z] [1] Waiting on http://localhost:8081
[2026-08-15T15:49:26.134Z] [1] Logs for your project will appear below.
[2026-08-15T15:49:26.236Z] [1] EXPO_USE_METRO_WORKSPACE_ROOT is enabled by default, use EXPO_NO_METRO_WORKSPACE_ROOT instead to disable.
[2026-08-15T15:49:26.237Z] [1] EXPO_USE_METRO_WORKSPACE_ROOT is enabled by default, use EXPO_NO_METRO_WORKSPACE_ROOT instead to disable.
[2026-08-15T15:49:26.467Z] [1] EXPO_USE_METRO_WORKSPACE_ROOT is enabled by default, use EXPO_NO_METRO_WORKSPACE_ROOT instead to disable.
[2026-08-15T15:49:26.468Z] [1] EXPO_USE_METRO_WORKSPACE_ROOT is enabled by default, use EXPO_NO_METRO_WORKSPACE_ROOT instead to disable.
[2026-08-15T15:49:27.401Z] [1] EXPO_USE_METRO_WORKSPACE_ROOT is enabled by default, use EXPO_NO_METRO_WORKSPACE_ROOT instead to disable.
[2026-08-15T15:49:27.402Z] [1] EXPO_USE_METRO_WORKSPACE_ROOT is enabled by default, use EXPO_NO_METRO_WORKSPACE_ROOT instead to disable.
[2026-08-15T15:49:28.444Z] [1] EXPO_USE_METRO_WORKSPACE_ROOT is enabled by default, use EXPO_NO_METRO_WORKSPACE_ROOT instead to disable.
[2026-08-15T15:49:28.445Z] [1] EXPO_USE_METRO_WORKSPACE_ROOT is enabled by default, use EXPO_NO_METRO_WORKSPACE_ROOT instead to disable.
[2026-08-15T15:49:28.968Z] [1] λ Bundled 2753ms node_modules/expo-router/node/render.js (1120 modules)
[2026-08-15T15:49:30.924Z] [1] λ  LOG  { colorScheme: 'light', setColorScheme: [Function (anonymous)] } {
[2026-08-15T15:49:30.924Z] [1]   '--color-primary': '#6D5DF5',
[2026-08-15T15:49:30.924Z] [1]   '--color-background': '#F6F7FB',
[2026-08-15T15:49:30.924Z] [1]   '--color-surface': '#FFFFFF',
[2026-08-15T15:49:30.924Z] [1]   '--color-foreground': '#171827',
[2026-08-15T15:49:30.924Z] [1]   '--color-muted': '#85879A',
[2026-08-15T15:49:30.924Z] [1]   '--color-border': '#E7E8F0',
[2026-08-15T15:49:30.924Z] [1]   '--color-success': '#42D6B5',
[2026-08-15T15:49:30.924Z] [1]   '--color-warning': '#F59E0B',
[2026-08-15T15:49:30.924Z] [1]   '--color-error': '#EF4444'
[2026-08-15T15:49:30.924Z] [1] }
[2026-08-15T15:49:30.985Z] [1] λ  WARN  props.pointerEvents is deprecated. Use style.pointerEvents
[2026-08-15T15:49:30.996Z] [1] Web node_modules/expo-router/entry.js ▓▓▓▓▓▓▓▓▓▓▓▓▓▓▓░ 94.8% (1297/1332)
[2026-08-15T15:49:30.996Z] [1] Web node_modules/expo-router/entry.js ░░░░░░░░░░░░░░░░  0.0% (0/1)
[2026-08-15T15:49:30.996Z] [1] λ node_modules/expo-router/node/render.js ░░░░░░░░░░░░░░░░  0.0% (0/1)
[2026-08-15T15:49:30.996Z] [1] Web node_modules/expo-router/entry.js ░░░░░░░░░░░░░░░░  0.0% (0/1)
[2026-08-15T15:49:30.996Z] [1] λ node_modules/expo-router/node/render.js ░░░░░░░░░░░░░░░░  0.0% (0/1)
[2026-08-15T15:49:30.996Z] [1] Web node_modules/expo-router/entry.js ░░░░░░░░░░░░░░░░  0.0% (0/1)
[2026-08-15T15:49:30.996Z] [1] λ node_modules/expo-router/node/render.js ░░░░░░░░░░░░░░░░  0.0% (0/1)
[2026-08-15T15:49:30.996Z] [1] Web node_modules/expo-router/entry.js ░░░░░░░░░░░░░░░░  0.0% (0/1)
[2026-08-15T15:49:30.997Z] [1] λ node_modules/expo-router/node/render.js ░░░░░░░░░░░░░░░░  0.0% (0/1)
[2026-08-15T15:49:30.997Z] [1] Web node_modules/expo-router/entry.js ░░░░░░░░░░░░░░░░  0.0% (0/1)
[2026-08-15T15:49:30.997Z] [1] λ node_modules/expo-router/node/render.js ░░░░░░░░░░░░░░░░  0.0% (0/1)
[2026-08-15T15:49:30.997Z] [1] Web node_modules/expo-router/entry.js ░░░░░░░░░░░░░░░░  0.0% (0/1)
[2026-08-15T15:49:30.997Z] [1] λ node_modules/expo-router/node/render.js ░░░░░░░░░░░░░░░░  0.0% (0/1)
[2026-08-15T15:49:30.997Z] [1] Web node_modules/expo-router/entry.js ░░░░░░░░░░░░░░░░  0.0% (0/1)
[2026-08-15T15:49:30.997Z] [1] λ node_modules/expo-router/node/render.js ░░░░░░░░░░░░░░░░  0.0% (0/1)
[2026-08-15T15:49:30.997Z] [1] Web node_modules/expo-router/entry.js ░░░░░░░░░░░░░░░░  0.0% (0/1)
[2026-08-15T15:49:30.997Z] [1] λ node_modules/expo-router/node/render.js ░░░░░░░░░░░░░░░░  0.0% (0/1)
[2026-08-15T15:49:30.997Z] [1] Web node_modules/expo-router/entry.js ░░░░░░░░░░░░░░░░  0.0% (0/1)
[2026-08-15T15:49:30.997Z] [1] λ node_modules/expo-router/node/render.js ░░░░░░░░░░░░░░░░  0.0% (0/1)
[2026-08-15T15:49:30.997Z] [1] Web node_modules/expo-router/entry.js ░░░░░░░░░░░░░░░░  0.0% (0/1)
[2026-08-15T15:49:30.997Z] [1] λ node_modules/expo-router/node/render.js ░░░░░░░░░░░░░░░░  0.0% (0/1)
[2026-08-15T15:49:31.150Z] [1] λ Bundled 4934ms node_modules/expo-router/node/render.js (1 module)
[2026-08-15T15:49:32.325Z] [1] λ Bundled 4985ms node_modules/expo-router/node/render.js (1 module)
[2026-08-15T15:49:32.325Z] [1] λ Bundled 5037ms node_modules/expo-router/node/render.js (1 module)
[2026-08-15T15:49:32.325Z] [1] λ Bundled 5088ms node_modules/expo-router/node/render.js (1 module)
[2026-08-15T15:49:32.325Z] [1] λ Bundled 5140ms node_modules/expo-router/node/render.js (1 module)
[2026-08-15T15:49:32.325Z] [1] λ Bundled 5194ms node_modules/expo-router/node/render.js (1 module)
[2026-08-15T15:49:32.325Z] [1] λ Bundled 5207ms node_modules/expo-router/node/render.js (1 module)
[2026-08-15T15:49:32.325Z] [1] λ Bundled 5005ms node_modules/expo-router/node/render.js (1 module)
[2026-08-15T15:49:32.325Z] [1] λ Bundled 4090ms node_modules/expo-router/node/render.js (1 module)
[2026-08-15T15:49:32.325Z] [1] λ Bundled 3073ms node_modules/expo-router/node/render.js (1 module)
[2026-08-15T15:49:32.451Z] [1] EXPO_USE_METRO_WORKSPACE_ROOT is enabled by default, use EXPO_NO_METRO_WORKSPACE_ROOT instead to disable.
[2026-08-15T15:49:32.454Z] [1] EXPO_USE_METRO_WORKSPACE_ROOT is enabled by default, use EXPO_NO_METRO_WORKSPACE_ROOT instead to disable.
[2026-08-15T15:49:32.979Z] [1] λ  WARN  props.pointerEvents is deprecated. Use style.pointerEvents
[2026-08-15T15:49:33.146Z] [1] λ  WARN  props.pointerEvents is deprecated. Use style.pointerEvents
[2026-08-15T15:49:33.337Z] [1] λ  WARN  props.pointerEvents is deprecated. Use style.pointerEvents
[2026-08-15T15:49:33.509Z] [1] λ  WARN  props.pointerEvents is deprecated. Use style.pointerEvents
[2026-08-15T15:49:33.681Z] [1] λ  WARN  props.pointerEvents is deprecated. Use style.pointerEvents
[2026-08-15T15:49:33.740Z] [1] λ Bundled 13ms node_modules/expo-router/node/render.js (1 module)
[2026-08-15T15:49:33.740Z] [1] λ  LOG  { colorScheme: 'light', setColorScheme: [Function (anonymous)] } {
[2026-08-15T15:49:33.740Z] [1]   '--color-primary': '#6D5DF5',
[2026-08-15T15:49:33.740Z] [1]   '--color-background': '#F6F7FB',
[2026-08-15T15:49:33.740Z] [1]   '--color-surface': '#FFFFFF',
[2026-08-15T15:49:33.740Z] [1]   '--color-foreground': '#171827',
[2026-08-15T15:49:33.740Z] [1]   '--color-muted': '#85879A',
[2026-08-15T15:49:33.740Z] [1]   '--color-border': '#E7E8F0',
[2026-08-15T15:49:33.740Z] [1]   '--color-success': '#42D6B5',
[2026-08-15T15:49:33.740Z] [1]   '--color-warning': '#F59E0B',
[2026-08-15T15:49:33.740Z] [1]   '--color-error': '#EF4444'
[2026-08-15T15:49:33.740Z] [1] }
[2026-08-15T15:49:33.740Z] [1] λ  LOG  { colorScheme: 'light', setColorScheme: [Function (anonymous)] } {
[2026-08-15T15:49:33.740Z] [1]   '--color-primary': '#6D5DF5',
[2026-08-15T15:49:33.740Z] [1]   '--color-background': '#F6F7FB',
[2026-08-15T15:49:33.740Z] [1]   '--color-surface': '#FFFFFF',
[2026-08-15T15:49:33.740Z] [1]   '--color-foreground': '#171827',
[2026-08-15T15:49:33.740Z] [1]   '--color-muted': '#85879A',
[2026-08-15T15:49:33.740Z] [1]   '--color-border': '#E7E8F0',
[2026-08-15T15:49:33.740Z] [1]   '--color-success': '#42D6B5',
[2026-08-15T15:49:33.740Z] [1]   '--color-warning': '#F59E0B',
[2026-08-15T15:49:33.740Z] [1]   '--color-error': '#EF4444'
[2026-08-15T15:49:33.740Z] [1] }
[2026-08-15T15:49:33.740Z] [1] λ  LOG  { colorScheme: 'light', setColorScheme: [Function (anonymous)] } {
[2026-08-15T15:49:33.740Z] [1]   '--color-primary': '#6D5DF5',
[2026-08-15T15:49:33.740Z] [1]   '--color-background': '#F6F7FB',
[2026-08-15T15:49:33.740Z] [1]   '--color-surface': '#FFFFFF',
[2026-08-15T15:49:33.740Z] [1]   '--color-foreground': '#171827',
[2026-08-15T15:49:33.740Z] [1]   '--color-muted': '#85879A',
[2026-08-15T15:49:33.741Z] [1]   '--color-border': '#E7E8F0',
[2026-08-15T15:49:33.741Z] [1]   '--color-success': '#42D6B5',
[2026-08-15T15:49:33.741Z] [1]   '--color-warning': '#F59E0B',
[2026-08-15T15:49:33.741Z] [1]   '--color-error': '#EF4444'
[2026-08-15T15:49:33.741Z] [1] }
[2026-08-15T15:49:33.741Z] [1] λ  LOG  { colorScheme: 'light', setColorScheme: [Function (anonymous)] } {
[2026-08-15T15:49:33.741Z] [1]   '--color-primary': '#6D5DF5',
[2026-08-15T15:49:33.741Z] [1]   '--color-background': '#F6F7FB',
[2026-08-15T15:49:33.741Z] [1]   '--color-surface': '#FFFFFF',
[2026-08-15T15:49:33.741Z] [1]   '--color-foreground': '#171827',
[2026-08-15T15:49:33.741Z] [1]   '--color-muted': '#85879A',
[2026-08-15T15:49:33.741Z] [1]   '--color-border': '#E7E8F0',
[2026-08-15T15:49:33.741Z] [1]   '--color-success': '#42D6B5',
[2026-08-15T15:49:33.741Z] [1]   '--color-warning': '#F59E0B',
[2026-08-15T15:49:33.741Z] [1]   '--color-error': '#EF4444'
[2026-08-15T15:49:33.741Z] [1] }
[2026-08-15T15:49:33.741Z] [1] λ  LOG  { colorScheme: 'light', setColorScheme: [Function (anonymous)] } {
[2026-08-15T15:49:33.741Z] [1]   '--color-primary': '#6D5DF5',
[2026-08-15T15:49:33.741Z] [1]   '--color-background': '#F6F7FB',
[2026-08-15T15:49:33.741Z] [1]   '--color-surface': '#FFFFFF',
[2026-08-15T15:49:33.741Z] [1]   '--color-foreground': '#171827',
[2026-08-15T15:49:33.741Z] [1]   '--color-muted': '#85879A',
[2026-08-15T15:49:33.741Z] [1]   '--color-border': '#E7E8F0',
[2026-08-15T15:49:33.741Z] [1]   '--color-success': '#42D6B5',
[2026-08-15T15:49:33.741Z] [1]   '--color-warning': '#F59E0B',
[2026-08-15T15:49:33.741Z] [1]   '--color-error': '#EF4444'
[2026-08-15T15:49:33.741Z] [1] }
[2026-08-15T15:49:33.741Z] [1] Web node_modules/expo-router/entry.js ▓▓▓▓▓▓▓▓▓▓▓▓▓▓▓░ 94.8% (1302/1337)
[2026-08-15T15:49:33.741Z] [1] Web node_modules/expo-router/entry.js ░░░░░░░░░░░░░░░░  0.0% (0/1)
[2026-08-15T15:49:33.741Z] [1] Web node_modules/expo-router/entry.js ░░░░░░░░░░░░░░░░  0.0% (0/1)
[2026-08-15T15:49:33.741Z] [1] Web node_modules/expo-router/entry.js ░░░░░░░░░░░░░░░░  0.0% (0/1)
[2026-08-15T15:49:33.741Z] [1] Web node_modules/expo-router/entry.js ░░░░░░░░░░░░░░░░  0.0% (0/1)
[2026-08-15T15:49:33.741Z] [1] Web node_modules/expo-router/entry.js ░░░░░░░░░░░░░░░░  0.0% (0/1)
[2026-08-15T15:49:33.741Z] [1] Web node_modules/expo-router/entry.js ░░░░░░░░░░░░░░░░  0.0% (0/1)
[2026-08-15T15:49:33.741Z] [1] Web node_modules/expo-router/entry.js ░░░░░░░░░░░░░░░░  0.0% (0/1)
[2026-08-15T15:49:33.741Z] [1] Web node_modules/expo-router/entry.js ░░░░░░░░░░░░░░░░  0.0% (0/1)
[2026-08-15T15:49:33.741Z] [1] Web node_modules/expo-router/entry.js ░░░░░░░░░░░░░░░░  0.0% (0/1)
[2026-08-15T15:49:33.741Z] [1] Web node_modules/expo-router/entry.js ░░░░░░░░░░░░░░░░  0.0% (0/1)
[2026-08-15T15:49:33.741Z] [1] Web node_modules/expo-router/entry.js ░░░░░░░░░░░░░░░░  0.0% (0/1)
[2026-08-15T15:49:33.742Z] [1] EXPO_USE_METRO_WORKSPACE_ROOT is enabled by default, use EXPO_NO_METRO_WORKSPACE_ROOT instead to disable.
[2026-08-15T15:49:33.743Z] [1] EXPO_USE_METRO_WORKSPACE_ROOT is enabled by default, use EXPO_NO_METRO_WORKSPACE_ROOT instead to disable.
[2026-08-15T15:49:33.874Z] [1] Killed
[2026-08-15T15:49:33.894Z] [1]  ELIFECYCLE  Command failed with exit code 137.
[2026-08-15T15:49:33.928Z] [1] pnpm dev:metro exited with code 137
[2026-08-15T15:49:33.929Z] --> Sending SIGTERM to other processes..
[2026-08-15T15:49:33.996Z] [0]  ELIFECYCLE  Command failed.
[2026-08-15T15:49:34.068Z] [0] 3:49:33 PM [tsx] Previous process hasn't exited yet. Force killing...
[2026-08-15T15:49:34.090Z] [0] pnpm dev:server exited with code SIGTERM
[2026-08-15T15:49:34.096Z] ELIFECYCLE  Command failed with exit code 1.
[2026-08-15T15:49:34.139Z] Dev server exited with code 1
[2026-08-15T15:50:30.685Z] Starting dev server with command: pnpm run dev
[2026-08-15T15:50:31.852Z] > app-template@1.0.0 dev /home/ubuntu/android-chat-app
[2026-08-15T15:50:31.852Z] > concurrently -k "pnpm dev:server" "pnpm dev:metro"
[2026-08-15T15:50:32.663Z] [1]
[2026-08-15T15:50:32.663Z] [1] > app-template@1.0.0 dev:metro /home/ubuntu/android-chat-app
[2026-08-15T15:50:32.663Z] [1] > cross-env EXPO_USE_METRO_WORKSPACE_ROOT=1 npx expo start --web --port ${EXPO_PORT:-8081}
[2026-08-15T15:50:32.663Z] [1]
[2026-08-15T15:50:32.664Z] [0]
[2026-08-15T15:50:32.664Z] [0] > app-template@1.0.0 dev:server /home/ubuntu/android-chat-app
[2026-08-15T15:50:32.664Z] [0] > cross-env NODE_ENV=development tsx watch server/_core/index.ts
[2026-08-15T15:50:32.664Z] [0]
[2026-08-15T15:50:32.701Z] ELIFECYCLE  Command failed.
[2026-08-15T15:50:32.710Z] [0]  ELIFECYCLE  Command failed.
[2026-08-15T15:50:32.711Z] [1]  ELIFECYCLE  Command failed.
[2026-08-15T15:50:32.712Z] [1] pnpm dev:metro exited with code SIGTERM
[2026-08-15T15:50:32.713Z] --> Sending SIGTERM to other processes..
[2026-08-15T15:50:32.716Z] [0] pnpm dev:server exited with code SIGTERM
[2026-08-15T15:50:32.735Z] Dev server exited with code -1
[2026-08-15T15:50:33.834Z] Starting dev server with command: pnpm run dev
[2026-08-15T15:50:35.045Z] > app-template@1.0.0 dev /home/ubuntu/android-chat-app
[2026-08-15T15:50:35.045Z] > concurrently -k "pnpm dev:server" "pnpm dev:metro"
[2026-08-15T15:50:35.751Z] [0]
[2026-08-15T15:50:35.751Z] [0] > app-template@1.0.0 dev:server /home/ubuntu/android-chat-app
[2026-08-15T15:50:35.752Z] [0] > cross-env NODE_ENV=development tsx watch server/_core/index.ts
[2026-08-15T15:50:35.752Z] [0]
[2026-08-15T15:50:35.752Z] [1]
[2026-08-15T15:50:35.752Z] [1] > app-template@1.0.0 dev:metro /home/ubuntu/android-chat-app
[2026-08-15T15:50:35.752Z] [1] > cross-env EXPO_USE_METRO_WORKSPACE_ROOT=1 npx expo start --web --port ${EXPO_PORT:-8081}
[2026-08-15T15:50:35.752Z] [1]
[2026-08-15T15:50:35.842Z] ELIFECYCLE  Command failed.
[2026-08-15T15:50:35.852Z] [0]  ELIFECYCLE  Command failed.
[2026-08-15T15:50:35.853Z] [1]  ELIFECYCLE  Command failed.
[2026-08-15T15:50:35.854Z] [0] pnpm dev:server exited with code SIGTERM
[2026-08-15T15:50:35.855Z] --> Sending SIGTERM to other processes..
[2026-08-15T15:50:35.859Z] [1] pnpm dev:metro exited with code SIGTERM
[2026-08-15T15:50:35.879Z] Dev server exited with code -1
[2026-08-15T15:50:36.955Z] Starting dev server with command: pnpm run dev
[2026-08-15T15:50:38.175Z] > app-template@1.0.0 dev /home/ubuntu/android-chat-app
[2026-08-15T15:50:38.176Z] > concurrently -k "pnpm dev:server" "pnpm dev:metro"
[2026-08-15T15:50:38.881Z] [0]
[2026-08-15T15:50:38.881Z] [0] > app-template@1.0.0 dev:server /home/ubuntu/android-chat-app
[2026-08-15T15:50:38.881Z] [0] > cross-env NODE_ENV=development tsx watch server/_core/index.ts
[2026-08-15T15:50:38.881Z] [0]
[2026-08-15T15:50:38.884Z] [1]
[2026-08-15T15:50:38.884Z] [1] > app-template@1.0.0 dev:metro /home/ubuntu/android-chat-app
[2026-08-15T15:50:38.885Z] [1] > cross-env EXPO_USE_METRO_WORKSPACE_ROOT=1 npx expo start --web --port ${EXPO_PORT:-8081}
[2026-08-15T15:50:38.885Z] [1]
[2026-08-15T15:50:38.960Z] ELIFECYCLE  Command failed.
[2026-08-15T15:50:38.968Z] [1]  ELIFECYCLE  Command failed.
[2026-08-15T15:50:38.968Z] [0]  ELIFECYCLE  Command failed.
[2026-08-15T15:50:38.972Z] [0] pnpm dev:server exited with code SIGTERM
[2026-08-15T15:50:38.972Z] --> Sending SIGTERM to other processes..
[2026-08-15T15:50:38.975Z] [1] pnpm dev:metro exited with code SIGTERM
[2026-08-15T15:50:38.985Z] Dev server exited with code -1
[2026-08-15T15:50:40.073Z] Starting dev server with command: pnpm run dev
[2026-08-15T15:50:41.272Z] > app-template@1.0.0 dev /home/ubuntu/android-chat-app
[2026-08-15T15:50:41.272Z] > concurrently -k "pnpm dev:server" "pnpm dev:metro"
[2026-08-15T15:50:41.983Z] [1]
[2026-08-15T15:50:41.984Z] [1] > app-template@1.0.0 dev:metro /home/ubuntu/android-chat-app
[2026-08-15T15:50:41.984Z] [1] > cross-env EXPO_USE_METRO_WORKSPACE_ROOT=1 npx expo start --web --port ${EXPO_PORT:-8081}
[2026-08-15T15:50:41.984Z] [1]
[2026-08-15T15:50:42.000Z] [0]
[2026-08-15T15:50:42.000Z] [0] > app-template@1.0.0 dev:server /home/ubuntu/android-chat-app
[2026-08-15T15:50:42.000Z] [0] > cross-env NODE_ENV=development tsx watch server/_core/index.ts
[2026-08-15T15:50:42.000Z] [0]
[2026-08-15T15:50:42.076Z] ELIFECYCLE  Command failed.
[2026-08-15T15:50:42.078Z] [1]  ELIFECYCLE  Command failed.
[2026-08-15T15:50:42.079Z] [0]  ELIFECYCLE  Command failed.
[2026-08-15T15:50:42.089Z] [1] pnpm dev:metro exited with code SIGTERM
[2026-08-15T15:50:42.089Z] --> Sending SIGTERM to other processes..
[2026-08-15T15:50:42.096Z] [0] pnpm dev:server exited with code SIGTERM
[2026-08-15T15:50:42.111Z] Dev server exited with code -1
[2026-08-15T15:50:43.193Z] Starting dev server with command: pnpm run dev
[2026-08-15T15:50:44.405Z] > app-template@1.0.0 dev /home/ubuntu/android-chat-app
[2026-08-15T15:50:44.405Z] > concurrently -k "pnpm dev:server" "pnpm dev:metro"
[2026-08-15T15:50:45.133Z] [0]
[2026-08-15T15:50:45.133Z] [0] > app-template@1.0.0 dev:server /home/ubuntu/android-chat-app
[2026-08-15T15:50:45.133Z] [0] > cross-env NODE_ENV=development tsx watch server/_core/index.ts
[2026-08-15T15:50:45.133Z] [0]
[2026-08-15T15:50:45.180Z] [1]
[2026-08-15T15:50:45.180Z] [1] > app-template@1.0.0 dev:metro /home/ubuntu/android-chat-app
[2026-08-15T15:50:45.180Z] [1] > cross-env EXPO_USE_METRO_WORKSPACE_ROOT=1 npx expo start --web --port ${EXPO_PORT:-8081}
[2026-08-15T15:50:45.180Z] [1]
[2026-08-15T15:50:45.228Z] ELIFECYCLE  Command failed.
[2026-08-15T15:50:45.236Z] [0]  ELIFECYCLE  Command failed.
[2026-08-15T15:50:45.237Z] [1]  ELIFECYCLE  Command failed.
[2026-08-15T15:50:45.239Z] [1] pnpm dev:metro exited with code SIGTERM
[2026-08-15T15:50:45.240Z] --> Sending SIGTERM to other processes..
[2026-08-15T15:50:45.243Z] [0] pnpm dev:server exited with code SIGTERM
[2026-08-15T15:50:45.256Z] Dev server exited with code -1
[2026-08-15T15:50:46.343Z] Starting dev server with command: pnpm run dev
[2026-08-15T15:50:47.585Z] > app-template@1.0.0 dev /home/ubuntu/android-chat-app
[2026-08-15T15:50:47.585Z] > concurrently -k "pnpm dev:server" "pnpm dev:metro"
[2026-08-15T15:50:48.306Z] [1]
[2026-08-15T15:50:48.306Z] [1] > app-template@1.0.0 dev:metro /home/ubuntu/android-chat-app
[2026-08-15T15:50:48.306Z] [1] > cross-env EXPO_USE_METRO_WORKSPACE_ROOT=1 npx expo start --web --port ${EXPO_PORT:-8081}
[2026-08-15T15:50:48.306Z] [1]
[2026-08-15T15:50:48.338Z] [0]
[2026-08-15T15:50:48.338Z] [0] > app-template@1.0.0 dev:server /home/ubuntu/android-chat-app
[2026-08-15T15:50:48.338Z] [0] > cross-env NODE_ENV=development tsx watch server/_core/index.ts
[2026-08-15T15:50:48.338Z] [0]
[2026-08-15T15:50:49.246Z] [1] Starting project at /home/ubuntu/android-chat-app
[2026-08-15T15:50:49.768Z] [1] EXPO_USE_METRO_WORKSPACE_ROOT is enabled by default, use EXPO_NO_METRO_WORKSPACE_ROOT instead to disable.
[2026-08-15T15:50:50.272Z] [1] EXPO_USE_METRO_WORKSPACE_ROOT is enabled by default, use EXPO_NO_METRO_WORKSPACE_ROOT instead to disable.
[2026-08-15T15:50:50.272Z] [1] EXPO_USE_METRO_WORKSPACE_ROOT is enabled by default, use EXPO_NO_METRO_WORKSPACE_ROOT instead to disable.
[2026-08-15T15:50:50.273Z] [1] EXPO_USE_METRO_WORKSPACE_ROOT is enabled by default, use EXPO_NO_METRO_WORKSPACE_ROOT instead to disable.
[2026-08-15T15:50:50.536Z] [1] React Compiler enabled
[2026-08-15T15:50:50.717Z] [1] Starting Metro Bundler
[2026-08-15T15:50:50.750Z] [1] EXPO_USE_METRO_WORKSPACE_ROOT is enabled by default, use EXPO_NO_METRO_WORKSPACE_ROOT instead to disable.
[2026-08-15T15:50:50.828Z] [1] Error while reading cache, falling back to a full crawl:
[2026-08-15T15:50:50.828Z] [1]  Error: Unable to deserialize cloned data.
[2026-08-15T15:50:50.828Z] [1]     at deserialize (node:v8:405:14)
[2026-08-15T15:50:50.829Z] [1]     at DiskCacheManager.read (/home/ubuntu/android-chat-app/node_modules/metro-file-map/src/cache/DiskCacheManager.js:60:33)
[2026-08-15T15:50:50.829Z] [1]     at FileMap.read (/home/ubuntu/android-chat-app/node_modules/metro-file-map/src/index.js:284:14)
[2026-08-15T15:50:50.829Z] [1]     at /home/ubuntu/android-chat-app/node_modules/metro-file-map/src/index.js:202:25
[2026-08-15T15:50:50.829Z] [1]     at DependencyGraph.ready (/home/ubuntu/android-chat-app/node_modules/@expo/metro/node_modules/metro/src/node-haste/DependencyGraph.js:88:5)
[2026-08-15T15:50:50.829Z] [1]     at Bundler.ready (/home/ubuntu/android-chat-app/node_modules/@expo/metro/node_modules/metro/src/Bundler.js:62:5)
[2026-08-15T15:50:50.829Z] [1]     at IncrementalBundler.ready (/home/ubuntu/android-chat-app/node_modules/@expo/metro/node_modules/metro/src/IncrementalBundler.js:302:5)
[2026-08-15T15:50:50.829Z] [1]     at Server.ready (/home/ubuntu/android-chat-app/node_modules/@expo/metro/node_modules/metro/src/Server.js:1305:5)
[2026-08-15T15:50:50.995Z] [1] EXPO_USE_METRO_WORKSPACE_ROOT is enabled by default, use EXPO_NO_METRO_WORKSPACE_ROOT instead to disable.
[2026-08-15T15:50:50.999Z] [1] EXPO_USE_METRO_WORKSPACE_ROOT is enabled by default, use EXPO_NO_METRO_WORKSPACE_ROOT instead to disable.
[2026-08-15T15:50:51.219Z] [1] EXPO_USE_METRO_WORKSPACE_ROOT is enabled by default, use EXPO_NO_METRO_WORKSPACE_ROOT instead to disable.
[2026-08-15T15:50:51.221Z] [1] EXPO_USE_METRO_WORKSPACE_ROOT is enabled by default, use EXPO_NO_METRO_WORKSPACE_ROOT instead to disable.
[2026-08-15T15:50:52.019Z] [0] [OAuth] Initialized with baseURL: https://api.manus.im
[2026-08-15T15:50:52.164Z] [0] [api] server listening on port 3000
[2026-08-15T15:50:52.259Z] [1] EXPO_USE_METRO_WORKSPACE_ROOT is enabled by default, use EXPO_NO_METRO_WORKSPACE_ROOT instead to disable.
[2026-08-15T15:50:52.260Z] [1] EXPO_USE_METRO_WORKSPACE_ROOT is enabled by default, use EXPO_NO_METRO_WORKSPACE_ROOT instead to disable.
[2026-08-15T15:50:55.620Z] [1] EXPO_USE_METRO_WORKSPACE_ROOT is enabled by default, use EXPO_NO_METRO_WORKSPACE_ROOT instead to disable.
[2026-08-15T15:50:55.621Z] [1] EXPO_USE_METRO_WORKSPACE_ROOT is enabled by default, use EXPO_NO_METRO_WORKSPACE_ROOT instead to disable.
[2026-08-15T15:50:56.327Z] [1] EXPO_USE_METRO_WORKSPACE_ROOT is enabled by default, use EXPO_NO_METRO_WORKSPACE_ROOT instead to disable.
[2026-08-15T15:50:56.328Z] [1] EXPO_USE_METRO_WORKSPACE_ROOT is enabled by default, use EXPO_NO_METRO_WORKSPACE_ROOT instead to disable.
[2026-08-15T15:50:56.677Z] [1] EXPO_USE_METRO_WORKSPACE_ROOT is enabled by default, use EXPO_NO_METRO_WORKSPACE_ROOT instead to disable.
[2026-08-15T15:50:56.678Z] [1] EXPO_USE_METRO_WORKSPACE_ROOT is enabled by default, use EXPO_NO_METRO_WORKSPACE_ROOT instead to disable.
[2026-08-15T15:50:56.909Z] [1] EXPO_USE_METRO_WORKSPACE_ROOT is enabled by default, use EXPO_NO_METRO_WORKSPACE_ROOT instead to disable.
[2026-08-15T15:50:56.910Z] [1] EXPO_USE_METRO_WORKSPACE_ROOT is enabled by default, use EXPO_NO_METRO_WORKSPACE_ROOT instead to disable.
[2026-08-15T15:50:57.334Z] [1] EXPO_USE_METRO_WORKSPACE_ROOT is enabled by default, use EXPO_NO_METRO_WORKSPACE_ROOT instead to disable.
[2026-08-15T15:50:57.334Z] [1] EXPO_USE_METRO_WORKSPACE_ROOT is enabled by default, use EXPO_NO_METRO_WORKSPACE_ROOT instead to disable.
[2026-08-15T15:50:57.419Z] [1] Web node_modules/expo-router/entry.js ░░░░░░░░░░░░░░░░  0.0% (0/1)
[2026-08-15T15:50:57.419Z] [1] λ node_modules/expo-router/node/render.js ░░░░░░░░░░░░░░░░  0.0% (0/1)
[2026-08-15T15:50:57.419Z] [1] Web node_modules/expo-router/entry.js ░░░░░░░░░░░░░░░░  0.0% (0/1)
[2026-08-15T15:50:57.419Z] [1] λ node_modules/expo-router/node/render.js ░░░░░░░░░░░░░░░░  0.0% (0/1)
[2026-08-15T15:50:57.419Z] [1] Web node_modules/expo-router/entry.js ░░░░░░░░░░░░░░░░  0.0% (0/1)
[2026-08-15T15:50:57.419Z] [1] λ node_modules/expo-router/node/render.js ░░░░░░░░░░░░░░░░  0.0% (0/1)
[2026-08-15T15:50:57.419Z] [1] Web node_modules/expo-router/entry.js ░░░░░░░░░░░░░░░░  0.0% (0/1)
[2026-08-15T15:50:57.419Z] [1] λ node_modules/expo-router/node/render.js ░░░░░░░░░░░░░░░░  0.0% (0/1)
[2026-08-15T15:50:57.419Z] [1] Web node_modules/expo-router/entry.js ░░░░░░░░░░░░░░░░  0.0% (0/1)
[2026-08-15T15:50:57.419Z] [1] λ node_modules/expo-router/node/render.js ░░░░░░░░░░░░░░░░  0.0% (0/1)
[2026-08-15T15:50:57.419Z] [1] Web node_modules/expo-router/entry.js ░░░░░░░░░░░░░░░░  0.0% (0/1)
[2026-08-15T15:50:57.419Z] [1] λ node_modules/expo-router/node/render.js ░░░░░░░░░░░░░░░░  0.0% (0/1)
[2026-08-15T15:50:57.419Z] [1] Web node_modules/expo-router/entry.js ░░░░░░░░░░░░░░░░  0.0% (0/1)
[2026-08-15T15:50:57.419Z] [1] λ node_modules/expo-router/node/render.js ░░░░░░░░░░░░░░░░  0.0% (0/1)
[2026-08-15T15:50:57.419Z] [1] Web node_modules/expo-router/entry.js ░░░░░░░░░░░░░░░░  0.0% (0/1)
[2026-08-15T15:50:57.419Z] [1] λ node_modules/expo-router/node/render.js ░░░░░░░░░░░░░░░░  0.0% (0/1)
[2026-08-15T15:50:58.404Z] [1] EXPO_USE_METRO_WORKSPACE_ROOT is enabled by default, use EXPO_NO_METRO_WORKSPACE_ROOT instead to disable.
[2026-08-15T15:50:58.406Z] [1] EXPO_USE_METRO_WORKSPACE_ROOT is enabled by default, use EXPO_NO_METRO_WORKSPACE_ROOT instead to disable.
[2026-08-15T15:50:59.558Z] [1] EXPO_USE_METRO_WORKSPACE_ROOT is enabled by default, use EXPO_NO_METRO_WORKSPACE_ROOT instead to disable.
[2026-08-15T15:50:59.558Z] [1] EXPO_USE_METRO_WORKSPACE_ROOT is enabled by default, use EXPO_NO_METRO_WORKSPACE_ROOT instead to disable.
[2026-08-15T15:50:59.786Z] [1] | Browserslist: browsers data (caniuse-lite) is 8 months old. Please run:
[2026-08-15T15:50:59.899Z] [1] |   npx update-browserslist-db@latest
[2026-08-15T15:50:59.899Z] [1] |   Why you should do it regularly: https://github.com/browserslist/update-db#readme
[2026-08-15T15:51:00.103Z] [1] | Browserslist: browsers data (caniuse-lite) is 8 months old. Please run:
[2026-08-15T15:51:00.200Z] [1] |   npx update-browserslist-db@latest
[2026-08-15T15:51:00.201Z] [1] |   Why you should do it regularly: https://github.com/browserslist/update-db#readme
[2026-08-15T15:51:00.394Z] [1] EXPO_USE_METRO_WORKSPACE_ROOT is enabled by default, use EXPO_NO_METRO_WORKSPACE_ROOT instead to disable.
[2026-08-15T15:51:00.395Z] [1] EXPO_USE_METRO_WORKSPACE_ROOT is enabled by default, use EXPO_NO_METRO_WORKSPACE_ROOT instead to disable.
[2026-08-15T15:51:00.458Z] [1] EXPO_USE_METRO_WORKSPACE_ROOT is enabled by default, use EXPO_NO_METRO_WORKSPACE_ROOT instead to disable.
[2026-08-15T15:51:00.459Z] [1] EXPO_USE_METRO_WORKSPACE_ROOT is enabled by default, use EXPO_NO_METRO_WORKSPACE_ROOT instead to disable.
[2026-08-15T15:51:00.621Z] [1] The following packages should be updated for best compatibility with the installed expo version:
[2026-08-15T15:51:00.621Z] [1]   expo@54.0.29 - expected version: ~54.0.36
[2026-08-15T15:51:00.621Z] [1]   expo-audio@1.1.0 - expected version: ~1.1.1
[2026-08-15T15:51:00.622Z] [1]   expo-constants@18.0.12 - expected version: ~18.0.13
[2026-08-15T15:51:00.622Z] [1]   expo-font@14.0.10 - expected version: ~14.0.12
[2026-08-15T15:51:00.622Z] [1]   expo-linking@8.0.10 - expected version: ~8.0.12
[2026-08-15T15:51:00.622Z] [1]   expo-notifications@0.32.15 - expected version: ~0.32.17
[2026-08-15T15:51:00.622Z] [1]   expo-router@6.0.19 - expected version: ~6.0.24
[2026-08-15T15:51:00.622Z] [1]   expo-splash-screen@31.0.12 - expected version: ~31.0.13
[2026-08-15T15:51:00.622Z] [1]   expo-video@3.0.15 - expected version: ~3.0.16
[2026-08-15T15:51:00.622Z] [1]   expo-web-browser@15.0.10 - expected version: ~15.0.11
[2026-08-15T15:51:00.622Z] [1] Your project may not work correctly until you install the expected versions of the packages.
[2026-08-15T15:51:00.639Z] [1] Waiting on http://localhost:8081
[2026-08-15T15:51:00.639Z] [1] Logs for your project will appear below.
[2026-08-15T15:51:00.639Z] [1] Web node_modules/expo-router/entry.js ▓▓▓▓▓▓▓▓▓▓▓▓▓░░░ 85.7% (1066/1181)
[2026-08-15T15:51:00.639Z] [1] λ node_modules/expo-router/node/render.js ▓▓▓▓▓▓▓▓▓▓▓▓▓▓▓░ 94.7% (1202/1235)
[2026-08-15T15:51:00.639Z] [1] Web node_modules/expo-router/entry.js ░░░░░░░░░░░░░░░░  0.0% (0/1)
[2026-08-15T15:51:00.639Z] [1] λ node_modules/expo-router/node/render.js ░░░░░░░░░░░░░░░░  0.0% (0/1)
[2026-08-15T15:51:00.639Z] [1] Web node_modules/expo-router/entry.js ░░░░░░░░░░░░░░░░  0.0% (0/1)
[2026-08-15T15:51:00.639Z] [1] λ node_modules/expo-router/node/render.js ░░░░░░░░░░░░░░░░  0.0% (0/1)
[2026-08-15T15:51:00.639Z] [1] Web node_modules/expo-router/entry.js ░░░░░░░░░░░░░░░░  0.0% (0/1)
[2026-08-15T15:51:00.639Z] [1] λ node_modules/expo-router/node/render.js ░░░░░░░░░░░░░░░░  0.0% (0/1)
[2026-08-15T15:51:00.639Z] [1] Web node_modules/expo-router/entry.js ░░░░░░░░░░░░░░░░  0.0% (0/1)
[2026-08-15T15:51:00.639Z] [1] λ node_modules/expo-router/node/render.js ░░░░░░░░░░░░░░░░  0.0% (0/1)
[2026-08-15T15:51:00.639Z] [1] Web node_modules/expo-router/entry.js ░░░░░░░░░░░░░░░░  0.0% (0/1)
[2026-08-15T15:51:00.639Z] [1] λ node_modules/expo-router/node/render.js ░░░░░░░░░░░░░░░░  0.0% (0/1)
[2026-08-15T15:51:00.639Z] [1] Web node_modules/expo-router/entry.js ░░░░░░░░░░░░░░░░  0.0% (0/1)
[2026-08-15T15:51:00.639Z] [1] λ node_modules/expo-router/node/render.js ░░░░░░░░░░░░░░░░  0.0% (0/1)
[2026-08-15T15:51:00.639Z] [1] Web node_modules/expo-router/entry.js ░░░░░░░░░░░░░░░░  0.0% (0/1)
[2026-08-15T15:51:00.639Z] [1] λ node_modules/expo-router/node/render.js ░░░░░░░░░░░░░░░░  0.0% (0/1)
[2026-08-15T15:51:00.639Z] [1] Web node_modules/expo-router/entry.js ░░░░░░░░░░░░░░░░  0.0% (0/1)
[2026-08-15T15:51:00.639Z] [1] λ node_modules/expo-router/node/render.js ░░░░░░░░░░░░░░░░  0.0% (0/1)
[2026-08-15T15:51:00.639Z] [1] Web node_modules/expo-router/entry.js ░░░░░░░░░░░░░░░░  0.0% (0/1)
[2026-08-15T15:51:00.639Z] [1] λ node_modules/expo-router/node/render.js ░░░░░░░░░░░░░░░░  0.0% (0/1)
[2026-08-15T15:51:00.639Z] [1] Web node_modules/expo-router/entry.js ░░░░░░░░░░░░░░░░  0.0% (0/1)
[2026-08-15T15:51:00.639Z] [1] λ node_modules/expo-router/node/render.js ░░░░░░░░░░░░░░░░  0.0% (0/1)
[2026-08-15T15:51:00.639Z] [1] Web node_modules/expo-router/entry.js ░░░░░░░░░░░░░░░░  0.0% (0/1)
[2026-08-15T15:51:00.639Z] [1] λ node_modules/expo-router/node/render.js ░░░░░░░░░░░░░░░░  0.0% (0/1)
[2026-08-15T15:51:00.869Z] [1] λ Bundled 3473ms node_modules/expo-router/node/render.js (1235 modules)
[2026-08-15T15:51:03.038Z] [1] λ  LOG  { colorScheme: 'light', setColorScheme: [Function (anonymous)] } {
[2026-08-15T15:51:03.038Z] [1]   '--color-primary': '#6D5DF5',
[2026-08-15T15:51:03.038Z] [1]   '--color-background': '#F6F7FB',
[2026-08-15T15:51:03.038Z] [1]   '--color-surface': '#FFFFFF',
[2026-08-15T15:51:03.038Z] [1]   '--color-foreground': '#171827',
[2026-08-15T15:51:03.038Z] [1]   '--color-muted': '#85879A',
[2026-08-15T15:51:03.038Z] [1]   '--color-border': '#E7E8F0',
[2026-08-15T15:51:03.038Z] [1]   '--color-success': '#42D6B5',
[2026-08-15T15:51:03.038Z] [1]   '--color-warning': '#F59E0B',
[2026-08-15T15:51:03.038Z] [1]   '--color-error': '#EF4444'
[2026-08-15T15:51:03.038Z] [1] }
[2026-08-15T15:51:03.092Z] [1] λ  WARN  props.pointerEvents is deprecated. Use style.pointerEvents
[2026-08-15T15:51:03.103Z] [1] Web node_modules/expo-router/entry.js ▓▓▓▓▓▓▓▓▓▓▓▓▓▓▓░ 99.9% (1/1)
[2026-08-15T15:51:03.103Z] [1] Web node_modules/expo-router/entry.js ░░░░░░░░░░░░░░░░  0.0% (0/1)
[2026-08-15T15:51:03.103Z] [1] λ node_modules/expo-router/node/render.js ░░░░░░░░░░░░░░░░  0.0% (0/1)
[2026-08-15T15:51:03.103Z] [1] Web node_modules/expo-router/entry.js ░░░░░░░░░░░░░░░░  0.0% (0/1)
[2026-08-15T15:51:03.103Z] [1] λ node_modules/expo-router/node/render.js ░░░░░░░░░░░░░░░░  0.0% (0/1)
[2026-08-15T15:51:03.103Z] [1] Web node_modules/expo-router/entry.js ░░░░░░░░░░░░░░░░  0.0% (0/1)
[2026-08-15T15:51:03.103Z] [1] λ node_modules/expo-router/node/render.js ░░░░░░░░░░░░░░░░  0.0% (0/1)
[2026-08-15T15:51:03.103Z] [1] Web node_modules/expo-router/entry.js ░░░░░░░░░░░░░░░░  0.0% (0/1)
[2026-08-15T15:51:03.103Z] [1] λ node_modules/expo-router/node/render.js ░░░░░░░░░░░░░░░░  0.0% (0/1)
[2026-08-15T15:51:03.103Z] [1] Web node_modules/expo-router/entry.js ░░░░░░░░░░░░░░░░  0.0% (0/1)
[2026-08-15T15:51:03.103Z] [1] λ node_modules/expo-router/node/render.js ░░░░░░░░░░░░░░░░  0.0% (0/1)
[2026-08-15T15:51:03.103Z] [1] Web node_modules/expo-router/entry.js ░░░░░░░░░░░░░░░░  0.0% (0/1)
[2026-08-15T15:51:03.103Z] [1] λ node_modules/expo-router/node/render.js ░░░░░░░░░░░░░░░░  0.0% (0/1)
[2026-08-15T15:51:03.103Z] [1] Web node_modules/expo-router/entry.js ░░░░░░░░░░░░░░░░  0.0% (0/1)
[2026-08-15T15:51:03.103Z] [1] λ node_modules/expo-router/node/render.js ░░░░░░░░░░░░░░░░  0.0% (0/1)
[2026-08-15T15:51:03.103Z] [1] Web node_modules/expo-router/entry.js ░░░░░░░░░░░░░░░░  0.0% (0/1)
[2026-08-15T15:51:03.103Z] [1] λ node_modules/expo-router/node/render.js ░░░░░░░░░░░░░░░░  0.0% (0/1)
[2026-08-15T15:51:03.103Z] [1] Web node_modules/expo-router/entry.js ░░░░░░░░░░░░░░░░  0.0% (0/1)
[2026-08-15T15:51:03.103Z] [1] λ node_modules/expo-router/node/render.js ░░░░░░░░░░░░░░░░  0.0% (0/1)
[2026-08-15T15:51:03.103Z] [1] Web node_modules/expo-router/entry.js ░░░░░░░░░░░░░░░░  0.0% (0/1)
[2026-08-15T15:51:03.103Z] [1] λ node_modules/expo-router/node/render.js ░░░░░░░░░░░░░░░░  0.0% (0/1)
[2026-08-15T15:51:03.103Z] [1] Web node_modules/expo-router/entry.js ░░░░░░░░░░░░░░░░  0.0% (0/1)
[2026-08-15T15:51:03.103Z] [1] λ node_modules/expo-router/node/render.js ░░░░░░░░░░░░░░░░  0.0% (0/1)
[2026-08-15T15:51:03.322Z] [1] λ Bundled 5926ms node_modules/expo-router/node/render.js (1 module)
[2026-08-15T15:51:04.177Z] [1] EXPO_USE_METRO_WORKSPACE_ROOT is enabled by default, use EXPO_NO_METRO_WORKSPACE_ROOT instead to disable.
[2026-08-15T15:51:04.179Z] [1] EXPO_USE_METRO_WORKSPACE_ROOT is enabled by default, use EXPO_NO_METRO_WORKSPACE_ROOT instead to disable.
[2026-08-15T15:51:04.722Z] [0] [Auth] Missing session cookie
[2026-08-15T15:51:04.895Z] [1] λ Bundled 5994ms node_modules/expo-router/node/render.js (1 module)
[2026-08-15T15:51:04.895Z] [1] λ Bundled 6018ms node_modules/expo-router/node/render.js (1 module)
[2026-08-15T15:51:04.895Z] [1] λ Bundled 6039ms node_modules/expo-router/node/render.js (1 module)
[2026-08-15T15:51:04.895Z] [1] λ Bundled 6074ms node_modules/expo-router/node/render.js (1 module)
[2026-08-15T15:51:04.895Z] [1] λ Bundled 6095ms node_modules/expo-router/node/render.js (1 module)
[2026-08-15T15:51:04.895Z] [1] λ Bundled 6119ms node_modules/expo-router/node/render.js (1 module)
[2026-08-15T15:51:04.895Z] [1] λ Bundled 5135ms node_modules/expo-router/node/render.js (1 module)
[2026-08-15T15:51:04.895Z] [1] λ Bundled 4003ms node_modules/expo-router/node/render.js (1 module)
[2026-08-15T15:51:04.895Z] [1] λ Bundled 3190ms node_modules/expo-router/node/render.js (1 module)
[2026-08-15T15:51:04.895Z] [1] λ Bundled 3150ms node_modules/expo-router/node/render.js (1 module)
[2026-08-15T15:51:04.895Z] [1] λ Bundled 36ms node_modules/expo-router/node/render.js (1 module)
[2026-08-15T15:51:04.932Z] [1] EXPO_USE_METRO_WORKSPACE_ROOT is enabled by default, use EXPO_NO_METRO_WORKSPACE_ROOT instead to disable.
[2026-08-15T15:51:04.933Z] [1] EXPO_USE_METRO_WORKSPACE_ROOT is enabled by default, use EXPO_NO_METRO_WORKSPACE_ROOT instead to disable.
[2026-08-15T15:51:05.295Z] [1] λ  WARN  props.pointerEvents is deprecated. Use style.pointerEvents
[2026-08-15T15:51:05.453Z] [1] λ  WARN  props.pointerEvents is deprecated. Use style.pointerEvents
[2026-08-15T15:51:05.602Z] [1] λ  WARN  props.pointerEvents is deprecated. Use style.pointerEvents
[2026-08-15T15:51:05.765Z] [1] λ  WARN  props.pointerEvents is deprecated. Use style.pointerEvents
[2026-08-15T15:51:05.946Z] [1] λ  WARN  props.pointerEvents is deprecated. Use style.pointerEvents
[2026-08-15T15:51:06.154Z] [1] λ  WARN  props.pointerEvents is deprecated. Use style.pointerEvents
[2026-08-15T15:51:06.305Z] [1] λ  WARN  props.pointerEvents is deprecated. Use style.pointerEvents
[2026-08-15T15:51:06.472Z] [1] λ  WARN  props.pointerEvents is deprecated. Use style.pointerEvents
[2026-08-15T15:51:06.629Z] [1] λ  WARN  props.pointerEvents is deprecated. Use style.pointerEvents
[2026-08-15T15:51:06.781Z] [1] λ  WARN  props.pointerEvents is deprecated. Use style.pointerEvents
[2026-08-15T15:51:06.928Z] [1] λ  WARN  props.pointerEvents is deprecated. Use style.pointerEvents
[2026-08-15T15:51:06.984Z] [1] λ Bundled 48ms node_modules/expo-router/node/render.js (1 module)
[2026-08-15T15:51:06.984Z] [1] λ  LOG  { colorScheme: 'light', setColorScheme: [Function (anonymous)] } {
[2026-08-15T15:51:06.984Z] [1]   '--color-primary': '#6D5DF5',
[2026-08-15T15:51:06.984Z] [1]   '--color-background': '#F6F7FB',
[2026-08-15T15:51:06.984Z] [1]   '--color-surface': '#FFFFFF',
[2026-08-15T15:51:06.984Z] [1]   '--color-foreground': '#171827',
[2026-08-15T15:51:06.984Z] [1]   '--color-muted': '#85879A',
[2026-08-15T15:51:06.984Z] [1]   '--color-border': '#E7E8F0',
[2026-08-15T15:51:06.984Z] [1]   '--color-success': '#42D6B5',
[2026-08-15T15:51:06.985Z] [1]   '--color-warning': '#F59E0B',
[2026-08-15T15:51:06.985Z] [1]   '--color-error': '#EF4444'
[2026-08-15T15:51:06.985Z] [1] }
[2026-08-15T15:51:06.985Z] [1] λ  LOG  { colorScheme: 'light', setColorScheme: [Function (anonymous)] } {
[2026-08-15T15:51:06.985Z] [1]   '--color-primary': '#6D5DF5',
[2026-08-15T15:51:06.985Z] [1]   '--color-background': '#F6F7FB',
[2026-08-15T15:51:06.985Z] [1]   '--color-surface': '#FFFFFF',
[2026-08-15T15:51:06.985Z] [1]   '--color-foreground': '#171827',
[2026-08-15T15:51:06.985Z] [1]   '--color-muted': '#85879A',
[2026-08-15T15:51:06.985Z] [1]   '--color-border': '#E7E8F0',
[2026-08-15T15:51:06.985Z] [1]   '--color-success': '#42D6B5',
[2026-08-15T15:51:06.985Z] [1]   '--color-warning': '#F59E0B',
[2026-08-15T15:51:06.985Z] [1]   '--color-error': '#EF4444'
[2026-08-15T15:51:06.985Z] [1] }
[2026-08-15T15:51:06.985Z] [1] λ  LOG  { colorScheme: 'light', setColorScheme: [Function (anonymous)] } {
[2026-08-15T15:51:06.985Z] [1]   '--color-primary': '#6D5DF5',
[2026-08-15T15:51:06.985Z] [1]   '--color-background': '#F6F7FB',
[2026-08-15T15:51:06.985Z] [1]   '--color-surface': '#FFFFFF',
[2026-08-15T15:51:06.985Z] [1]   '--color-foreground': '#171827',
[2026-08-15T15:51:06.985Z] [1]   '--color-muted': '#85879A',
[2026-08-15T15:51:06.985Z] [1]   '--color-border': '#E7E8F0',
[2026-08-15T15:51:06.985Z] [1]   '--color-success': '#42D6B5',
[2026-08-15T15:51:06.985Z] [1]   '--color-warning': '#F59E0B',
[2026-08-15T15:51:06.985Z] [1]   '--color-error': '#EF4444'
[2026-08-15T15:51:06.985Z] [1] }
[2026-08-15T15:51:06.985Z] [1] λ  LOG  { colorScheme: 'light', setColorScheme: [Function (anonymous)] } {
[2026-08-15T15:51:06.985Z] [1]   '--color-primary': '#6D5DF5',
[2026-08-15T15:51:06.985Z] [1]   '--color-background': '#F6F7FB',
[2026-08-15T15:51:06.985Z] [1]   '--color-surface': '#FFFFFF',
[2026-08-15T15:51:06.985Z] [1]   '--color-foreground': '#171827',
[2026-08-15T15:51:06.985Z] [1]   '--color-muted': '#85879A',
[2026-08-15T15:51:06.985Z] [1]   '--color-border': '#E7E8F0',
[2026-08-15T15:51:06.985Z] [1]   '--color-success': '#42D6B5',
[2026-08-15T15:51:06.985Z] [1]   '--color-warning': '#F59E0B',
[2026-08-15T15:51:06.985Z] [1]   '--color-error': '#EF4444'
[2026-08-15T15:51:06.985Z] [1] }
[2026-08-15T15:51:06.985Z] [1] λ  LOG  { colorScheme: 'light', setColorScheme: [Function (anonymous)] } {
[2026-08-15T15:51:06.985Z] [1]   '--color-primary': '#6D5DF5',
[2026-08-15T15:51:06.985Z] [1]   '--color-background': '#F6F7FB',
[2026-08-15T15:51:06.985Z] [1]   '--color-surface': '#FFFFFF',
[2026-08-15T15:51:06.985Z] [1]   '--color-foreground': '#171827',
[2026-08-15T15:51:06.985Z] [1]   '--color-muted': '#85879A',
[2026-08-15T15:51:06.985Z] [1]   '--color-border': '#E7E8F0',
[2026-08-15T15:51:06.985Z] [1]   '--color-success': '#42D6B5',
[2026-08-15T15:51:06.985Z] [1]   '--color-warning': '#F59E0B',
[2026-08-15T15:51:06.985Z] [1]   '--color-error': '#EF4444'
[2026-08-15T15:51:06.985Z] [1] }
[2026-08-15T15:51:06.985Z] [1] λ  LOG  { colorScheme: 'light', setColorScheme: [Function (anonymous)] } {
[2026-08-15T15:51:06.985Z] [1]   '--color-primary': '#6D5DF5',
[2026-08-15T15:51:06.985Z] [1]   '--color-background': '#F6F7FB',
[2026-08-15T15:51:06.985Z] [1]   '--color-surface': '#FFFFFF',
[2026-08-15T15:51:06.985Z] [1]   '--color-foreground': '#171827',
[2026-08-15T15:51:06.985Z] [1]   '--color-muted': '#85879A',
[2026-08-15T15:51:06.985Z] [1]   '--color-border': '#E7E8F0',
[2026-08-15T15:51:06.985Z] [1]   '--color-success': '#42D6B5',
[2026-08-15T15:51:06.985Z] [1]   '--color-warning': '#F59E0B',
[2026-08-15T15:51:06.985Z] [1]   '--color-error': '#EF4444'
[2026-08-15T15:51:06.985Z] [1] }
[2026-08-15T15:51:06.985Z] [1] λ  LOG  { colorScheme: 'light', setColorScheme: [Function (anonymous)] } {
[2026-08-15T15:51:06.985Z] [1]   '--color-primary': '#6D5DF5',
[2026-08-15T15:51:06.985Z] [1]   '--color-background': '#F6F7FB',
[2026-08-15T15:51:06.985Z] [1]   '--color-surface': '#FFFFFF',
[2026-08-15T15:51:06.985Z] [1]   '--color-foreground': '#171827',
[2026-08-15T15:51:06.985Z] [1]   '--color-muted': '#85879A',
[2026-08-15T15:51:06.985Z] [1]   '--color-border': '#E7E8F0',
[2026-08-15T15:51:06.985Z] [1]   '--color-success': '#42D6B5',
[2026-08-15T15:51:06.985Z] [1]   '--color-warning': '#F59E0B',
[2026-08-15T15:51:06.985Z] [1]   '--color-error': '#EF4444'
[2026-08-15T15:51:06.985Z] [1] }
[2026-08-15T15:51:06.985Z] [1] λ  LOG  { colorScheme: 'light', setColorScheme: [Function (anonymous)] } {
[2026-08-15T15:51:06.985Z] [1]   '--color-primary': '#6D5DF5',
[2026-08-15T15:51:06.985Z] [1]   '--color-background': '#F6F7FB',
[2026-08-15T15:51:06.985Z] [1]   '--color-surface': '#FFFFFF',
[2026-08-15T15:51:06.985Z] [1]   '--color-foreground': '#171827',
[2026-08-15T15:51:06.985Z] [1]   '--color-muted': '#85879A',
[2026-08-15T15:51:06.985Z] [1]   '--color-border': '#E7E8F0',
[2026-08-15T15:51:06.985Z] [1]   '--color-success': '#42D6B5',
[2026-08-15T15:51:06.985Z] [1]   '--color-warning': '#F59E0B',
[2026-08-15T15:51:06.985Z] [1]   '--color-error': '#EF4444'
[2026-08-15T15:51:06.985Z] [1] }
[2026-08-15T15:51:06.985Z] [1] λ  LOG  { colorScheme: 'light', setColorScheme: [Function (anonymous)] } {
[2026-08-15T15:51:06.985Z] [1]   '--color-primary': '#6D5DF5',
[2026-08-15T15:51:06.985Z] [1]   '--color-background': '#F6F7FB',
[2026-08-15T15:51:06.985Z] [1]   '--color-surface': '#FFFFFF',
[2026-08-15T15:51:06.985Z] [1]   '--color-foreground': '#171827',
[2026-08-15T15:51:06.985Z] [1]   '--color-muted': '#85879A',
[2026-08-15T15:51:06.985Z] [1]   '--color-border': '#E7E8F0',
[2026-08-15T15:51:06.986Z] [1]   '--color-success': '#42D6B5',
[2026-08-15T15:51:06.986Z] [1]   '--color-warning': '#F59E0B',
[2026-08-15T15:51:06.986Z] [1]   '--color-error': '#EF4444'
[2026-08-15T15:51:06.986Z] [1] }
[2026-08-15T15:51:06.986Z] [1] λ  LOG  { colorScheme: 'light', setColorScheme: [Function (anonymous)] } {
[2026-08-15T15:51:06.986Z] [1]   '--color-primary': '#6D5DF5',
[2026-08-15T15:51:06.986Z] [1]   '--color-background': '#F6F7FB',
[2026-08-15T15:51:06.986Z] [1]   '--color-surface': '#FFFFFF',
[2026-08-15T15:51:06.986Z] [1]   '--color-foreground': '#171827',
[2026-08-15T15:51:06.986Z] [1]   '--color-muted': '#85879A',
[2026-08-15T15:51:06.986Z] [1]   '--color-border': '#E7E8F0',
[2026-08-15T15:51:06.986Z] [1]   '--color-success': '#42D6B5',
[2026-08-15T15:51:06.986Z] [1]   '--color-warning': '#F59E0B',
[2026-08-15T15:51:06.986Z] [1]   '--color-error': '#EF4444'
[2026-08-15T15:51:06.986Z] [1] }
[2026-08-15T15:51:06.986Z] [1] λ  LOG  { colorScheme: 'light', setColorScheme: [Function (anonymous)] } {
[2026-08-15T15:51:06.986Z] [1]   '--color-primary': '#6D5DF5',
[2026-08-15T15:51:06.986Z] [1]   '--color-background': '#F6F7FB',
[2026-08-15T15:51:06.986Z] [1]   '--color-surface': '#FFFFFF',
[2026-08-15T15:51:06.986Z] [1]   '--color-foreground': '#171827',
[2026-08-15T15:51:06.986Z] [1]   '--color-muted': '#85879A',
[2026-08-15T15:51:06.986Z] [1]   '--color-border': '#E7E8F0',
[2026-08-15T15:51:06.986Z] [1]   '--color-success': '#42D6B5',
[2026-08-15T15:51:06.986Z] [1]   '--color-warning': '#F59E0B',
[2026-08-15T15:51:06.986Z] [1]   '--color-error': '#EF4444'
[2026-08-15T15:51:06.986Z] [1] }
[2026-08-15T15:51:06.986Z] [1] Web node_modules/expo-router/entry.js ▓▓▓▓▓▓▓▓▓▓▓▓▓▓▓░ 99.9% (1/1)
[2026-08-15T15:51:06.986Z] [1] Web node_modules/expo-router/entry.js ░░░░░░░░░░░░░░░░  0.0% (0/1)
[2026-08-15T15:51:06.986Z] [1] Web node_modules/expo-router/entry.js ░░░░░░░░░░░░░░░░  0.0% (0/1)
[2026-08-15T15:51:06.986Z] [1] Web node_modules/expo-router/entry.js ░░░░░░░░░░░░░░░░  0.0% (0/1)
[2026-08-15T15:51:06.986Z] [1] Web node_modules/expo-router/entry.js ░░░░░░░░░░░░░░░░  0.0% (0/1)
[2026-08-15T15:51:06.986Z] [1] Web node_modules/expo-router/entry.js ░░░░░░░░░░░░░░░░  0.0% (0/1)
[2026-08-15T15:51:06.986Z] [1] Web node_modules/expo-router/entry.js ░░░░░░░░░░░░░░░░  0.0% (0/1)
[2026-08-15T15:51:06.986Z] [1] Web node_modules/expo-router/entry.js ░░░░░░░░░░░░░░░░  0.0% (0/1)
[2026-08-15T15:51:06.986Z] [1] Web node_modules/expo-router/entry.js ░░░░░░░░░░░░░░░░  0.0% (0/1)
[2026-08-15T15:51:06.986Z] [1] Web node_modules/expo-router/entry.js ░░░░░░░░░░░░░░░░  0.0% (0/1)
[2026-08-15T15:51:06.986Z] [1] Web node_modules/expo-router/entry.js ░░░░░░░░░░░░░░░░  0.0% (0/1)
[2026-08-15T15:51:06.986Z] [1] Web node_modules/expo-router/entry.js ░░░░░░░░░░░░░░░░  0.0% (0/1)
[2026-08-15T15:51:06.986Z] [1] Web node_modules/expo-router/entry.js ░░░░░░░░░░░░░░░░  0.0% (0/1)
[2026-08-15T15:51:06.986Z] [1] Web node_modules/expo-router/entry.js ░░░░░░░░░░░░░░░░  0.0% (0/1)
[2026-08-15T15:51:07.120Z] [1] EXPO_USE_METRO_WORKSPACE_ROOT is enabled by default, use EXPO_NO_METRO_WORKSPACE_ROOT instead to disable.
[2026-08-15T15:51:07.122Z] [1] EXPO_USE_METRO_WORKSPACE_ROOT is enabled by default, use EXPO_NO_METRO_WORKSPACE_ROOT instead to disable.
[2026-08-15T15:51:07.411Z] [1] λ  WARN  props.pointerEvents is deprecated. Use style.pointerEvents
[2026-08-15T15:51:07.569Z] [1] λ  WARN  props.pointerEvents is deprecated. Use style.pointerEvents
[2026-08-15T15:51:07.660Z] [1] λ Bundled 89ms node_modules/expo-router/node/render.js (1 module)
[2026-08-15T15:51:07.660Z] [1] λ  LOG  { colorScheme: 'light', setColorScheme: [Function (anonymous)] } {
[2026-08-15T15:51:07.660Z] [1]   '--color-primary': '#6D5DF5',
[2026-08-15T15:51:07.660Z] [1]   '--color-background': '#F6F7FB',
[2026-08-15T15:51:07.660Z] [1]   '--color-surface': '#FFFFFF',
[2026-08-15T15:51:07.660Z] [1]   '--color-foreground': '#171827',
[2026-08-15T15:51:07.660Z] [1]   '--color-muted': '#85879A',
[2026-08-15T15:51:07.660Z] [1]   '--color-border': '#E7E8F0',
[2026-08-15T15:51:07.660Z] [1]   '--color-success': '#42D6B5',
[2026-08-15T15:51:07.660Z] [1]   '--color-warning': '#F59E0B',
[2026-08-15T15:51:07.660Z] [1]   '--color-error': '#EF4444'
[2026-08-15T15:51:07.660Z] [1] }
[2026-08-15T15:51:07.660Z] [1] λ  LOG  { colorScheme: 'light', setColorScheme: [Function (anonymous)] } {
[2026-08-15T15:51:07.660Z] [1]   '--color-primary': '#6D5DF5',
[2026-08-15T15:51:07.660Z] [1]   '--color-background': '#F6F7FB',
[2026-08-15T15:51:07.660Z] [1]   '--color-surface': '#FFFFFF',
[2026-08-15T15:51:07.660Z] [1]   '--color-foreground': '#171827',
[2026-08-15T15:51:07.660Z] [1]   '--color-muted': '#85879A',
[2026-08-15T15:51:07.660Z] [1]   '--color-border': '#E7E8F0',
[2026-08-15T15:51:07.660Z] [1]   '--color-success': '#42D6B5',
[2026-08-15T15:51:07.660Z] [1]   '--color-warning': '#F59E0B',
[2026-08-15T15:51:07.660Z] [1]   '--color-error': '#EF4444'
[2026-08-15T15:51:07.660Z] [1] }
[2026-08-15T15:51:07.660Z] [1] Web node_modules/expo-router/entry.js ▓▓▓▓▓▓▓▓▓▓▓▓▓▓▓░ 99.9% (1/1)
[2026-08-15T15:51:07.660Z] [1] Web node_modules/expo-router/entry.js ░░░░░░░░░░░░░░░░  0.0% (0/1)
[2026-08-15T15:51:07.660Z] [1] Web node_modules/expo-router/entry.js ░░░░░░░░░░░░░░░░  0.0% (0/1)
[2026-08-15T15:51:07.660Z] [1] Web node_modules/expo-router/entry.js ░░░░░░░░░░░░░░░░  0.0% (0/1)
[2026-08-15T15:51:07.660Z] [1] Web node_modules/expo-router/entry.js ░░░░░░░░░░░░░░░░  0.0% (0/1)
[2026-08-15T15:51:07.660Z] [1] Web node_modules/expo-router/entry.js ░░░░░░░░░░░░░░░░  0.0% (0/1)
[2026-08-15T15:51:07.660Z] [1] Web node_modules/expo-router/entry.js ░░░░░░░░░░░░░░░░  0.0% (0/1)
[2026-08-15T15:51:07.660Z] [1] Web node_modules/expo-router/entry.js ░░░░░░░░░░░░░░░░  0.0% (0/1)
[2026-08-15T15:51:07.660Z] [1] Web node_modules/expo-router/entry.js ░░░░░░░░░░░░░░░░  0.0% (0/1)
[2026-08-15T15:51:07.660Z] [1] Web node_modules/expo-router/entry.js ░░░░░░░░░░░░░░░░  0.0% (0/1)
[2026-08-15T15:51:07.660Z] [1] Web node_modules/expo-router/entry.js ░░░░░░░░░░░░░░░░  0.0% (0/1)
[2026-08-15T15:51:07.660Z] [1] Web node_modules/expo-router/entry.js ░░░░░░░░░░░░░░░░  0.0% (0/1)
[2026-08-15T15:51:07.660Z] [1] Web node_modules/expo-router/entry.js ░░░░░░░░░░░░░░░░  0.0% (0/1)
[2026-08-15T15:51:07.660Z] [1] Web node_modules/expo-router/entry.js ░░░░░░░░░░░░░░░░  0.0% (0/1)
[2026-08-15T15:51:07.660Z] [1] Web node_modules/expo-router/entry.js ░░░░░░░░░░░░░░░░  0.0% (0/1)
[2026-08-15T15:51:07.743Z] [1] EXPO_USE_METRO_WORKSPACE_ROOT is enabled by default, use EXPO_NO_METRO_WORKSPACE_ROOT instead to disable.
[2026-08-15T15:51:07.744Z] [1] EXPO_USE_METRO_WORKSPACE_ROOT is enabled by default, use EXPO_NO_METRO_WORKSPACE_ROOT instead to disable.
[2026-08-15T15:51:08.045Z] [1] λ  WARN  props.pointerEvents is deprecated. Use style.pointerEvents
[2026-08-15T15:51:08.101Z] [1] λ Bundled 34ms node_modules/expo-router/node/render.js (1 module)
[2026-08-15T15:51:08.101Z] [1] λ  LOG  { colorScheme: 'light', setColorScheme: [Function (anonymous)] } {
[2026-08-15T15:51:08.101Z] [1]   '--color-primary': '#6D5DF5',
[2026-08-15T15:51:08.101Z] [1]   '--color-background': '#F6F7FB',
[2026-08-15T15:51:08.101Z] [1]   '--color-surface': '#FFFFFF',
[2026-08-15T15:51:08.101Z] [1]   '--color-foreground': '#171827',
[2026-08-15T15:51:08.101Z] [1]   '--color-muted': '#85879A',
[2026-08-15T15:51:08.101Z] [1]   '--color-border': '#E7E8F0',
[2026-08-15T15:51:08.101Z] [1]   '--color-success': '#42D6B5',
[2026-08-15T15:51:08.101Z] [1]   '--color-warning': '#F59E0B',
[2026-08-15T15:51:08.101Z] [1]   '--color-error': '#EF4444'
[2026-08-15T15:51:08.101Z] [1] }
[2026-08-15T15:51:08.101Z] [1] Web node_modules/expo-router/entry.js ▓▓▓▓▓▓▓▓▓▓▓▓▓▓▓░ 99.9% (1/1)
[2026-08-15T15:51:08.101Z] [1] Web node_modules/expo-router/entry.js ░░░░░░░░░░░░░░░░  0.0% (0/1)
[2026-08-15T15:51:08.101Z] [1] Web node_modules/expo-router/entry.js ░░░░░░░░░░░░░░░░  0.0% (0/1)
[2026-08-15T15:51:08.101Z] [1] Web node_modules/expo-router/entry.js ░░░░░░░░░░░░░░░░  0.0% (0/1)
[2026-08-15T15:51:08.101Z] [1] Web node_modules/expo-router/entry.js ░░░░░░░░░░░░░░░░  0.0% (0/1)
[2026-08-15T15:51:08.101Z] [1] Web node_modules/expo-router/entry.js ░░░░░░░░░░░░░░░░  0.0% (0/1)
[2026-08-15T15:51:08.101Z] [1] Web node_modules/expo-router/entry.js ░░░░░░░░░░░░░░░░  0.0% (0/1)
[2026-08-15T15:51:08.101Z] [1] Web node_modules/expo-router/entry.js ░░░░░░░░░░░░░░░░  0.0% (0/1)
[2026-08-15T15:51:08.101Z] [1] Web node_modules/expo-router/entry.js ░░░░░░░░░░░░░░░░  0.0% (0/1)
[2026-08-15T15:51:08.101Z] [1] Web node_modules/expo-router/entry.js ░░░░░░░░░░░░░░░░  0.0% (0/1)
[2026-08-15T15:51:08.101Z] [1] Web node_modules/expo-router/entry.js ░░░░░░░░░░░░░░░░  0.0% (0/1)
[2026-08-15T15:51:08.101Z] [1] Web node_modules/expo-router/entry.js ░░░░░░░░░░░░░░░░  0.0% (0/1)
[2026-08-15T15:51:08.101Z] [1] Web node_modules/expo-router/entry.js ░░░░░░░░░░░░░░░░  0.0% (0/1)
[2026-08-15T15:51:08.101Z] [1] Web node_modules/expo-router/entry.js ░░░░░░░░░░░░░░░░  0.0% (0/1)
[2026-08-15T15:51:08.101Z] [1] Web node_modules/expo-router/entry.js ░░░░░░░░░░░░░░░░  0.0% (0/1)
[2026-08-15T15:51:08.101Z] [1] Web node_modules/expo-router/entry.js ░░░░░░░░░░░░░░░░  0.0% (0/1)
[2026-08-15T15:51:08.124Z] [1] EXPO_USE_METRO_WORKSPACE_ROOT is enabled by default, use EXPO_NO_METRO_WORKSPACE_ROOT instead to disable.
[2026-08-15T15:51:08.125Z] [1] EXPO_USE_METRO_WORKSPACE_ROOT is enabled by default, use EXPO_NO_METRO_WORKSPACE_ROOT instead to disable.
[2026-08-15T15:51:08.408Z] [1] λ  WARN  props.pointerEvents is deprecated. Use style.pointerEvents
[2026-08-15T15:51:08.463Z] [1] λ Bundled 43ms node_modules/expo-router/node/render.js (1 module)
[2026-08-15T15:51:08.463Z] [1] λ  LOG  { colorScheme: 'light', setColorScheme: [Function (anonymous)] } {
[2026-08-15T15:51:08.463Z] [1]   '--color-primary': '#6D5DF5',
[2026-08-15T15:51:08.463Z] [1]   '--color-background': '#F6F7FB',
[2026-08-15T15:51:08.463Z] [1]   '--color-surface': '#FFFFFF',
[2026-08-15T15:51:08.463Z] [1]   '--color-foreground': '#171827',
[2026-08-15T15:51:08.463Z] [1]   '--color-muted': '#85879A',
[2026-08-15T15:51:08.463Z] [1]   '--color-border': '#E7E8F0',
[2026-08-15T15:51:08.463Z] [1]   '--color-success': '#42D6B5',
[2026-08-15T15:51:08.463Z] [1]   '--color-warning': '#F59E0B',
[2026-08-15T15:51:08.463Z] [1]   '--color-error': '#EF4444'
[2026-08-15T15:51:08.463Z] [1] }
[2026-08-15T15:51:08.463Z] [1] Web node_modules/expo-router/entry.js ▓▓▓▓▓▓▓▓▓▓▓▓▓▓▓░ 99.9% (1/1)
[2026-08-15T15:51:08.463Z] [1] Web node_modules/expo-router/entry.js ░░░░░░░░░░░░░░░░  0.0% (0/1)
[2026-08-15T15:51:08.463Z] [1] Web node_modules/expo-router/entry.js ░░░░░░░░░░░░░░░░  0.0% (0/1)
[2026-08-15T15:51:08.463Z] [1] Web node_modules/expo-router/entry.js ░░░░░░░░░░░░░░░░  0.0% (0/1)
[2026-08-15T15:51:08.463Z] [1] Web node_modules/expo-router/entry.js ░░░░░░░░░░░░░░░░  0.0% (0/1)
[2026-08-15T15:51:08.463Z] [1] Web node_modules/expo-router/entry.js ░░░░░░░░░░░░░░░░  0.0% (0/1)
[2026-08-15T15:51:08.463Z] [1] Web node_modules/expo-router/entry.js ░░░░░░░░░░░░░░░░  0.0% (0/1)
[2026-08-15T15:51:08.463Z] [1] Web node_modules/expo-router/entry.js ░░░░░░░░░░░░░░░░  0.0% (0/1)
[2026-08-15T15:51:08.463Z] [1] Web node_modules/expo-router/entry.js ░░░░░░░░░░░░░░░░  0.0% (0/1)
[2026-08-15T15:51:08.463Z] [1] Web node_modules/expo-router/entry.js ░░░░░░░░░░░░░░░░  0.0% (0/1)
[2026-08-15T15:51:08.463Z] [1] Web node_modules/expo-router/entry.js ░░░░░░░░░░░░░░░░  0.0% (0/1)
[2026-08-15T15:51:08.463Z] [1] Web node_modules/expo-router/entry.js ░░░░░░░░░░░░░░░░  0.0% (0/1)
[2026-08-15T15:51:08.463Z] [1] Web node_modules/expo-router/entry.js ░░░░░░░░░░░░░░░░  0.0% (0/1)
[2026-08-15T15:51:08.463Z] [1] Web node_modules/expo-router/entry.js ░░░░░░░░░░░░░░░░  0.0% (0/1)
[2026-08-15T15:51:08.463Z] [1] Web node_modules/expo-router/entry.js ░░░░░░░░░░░░░░░░  0.0% (0/1)
[2026-08-15T15:51:08.463Z] [1] Web node_modules/expo-router/entry.js ░░░░░░░░░░░░░░░░  0.0% (0/1)
[2026-08-15T15:51:08.463Z] [1] Web node_modules/expo-router/entry.js ░░░░░░░░░░░░░░░░  0.0% (0/1)
[2026-08-15T15:51:08.466Z] [1] Web Bundled 11072ms node_modules/expo-router/entry.js (1 module)
[2026-08-15T15:51:08.512Z] [1] EXPO_USE_METRO_WORKSPACE_ROOT is enabled by default, use EXPO_NO_METRO_WORKSPACE_ROOT instead to disable.
[2026-08-15T15:51:08.513Z] [1] EXPO_USE_METRO_WORKSPACE_ROOT is enabled by default, use EXPO_NO_METRO_WORKSPACE_ROOT instead to disable.
[2026-08-15T15:51:08.761Z] [1] λ  WARN  props.pointerEvents is deprecated. Use style.pointerEvents
[2026-08-15T15:51:08.819Z] [1] λ Bundled 34ms node_modules/expo-router/node/render.js (1 module)
[2026-08-15T15:51:08.819Z] [1] λ  LOG  { colorScheme: 'light', setColorScheme: [Function (anonymous)] } {
[2026-08-15T15:51:08.819Z] [1]   '--color-primary': '#6D5DF5',
[2026-08-15T15:51:08.819Z] [1]   '--color-background': '#F6F7FB',
[2026-08-15T15:51:08.819Z] [1]   '--color-surface': '#FFFFFF',
[2026-08-15T15:51:08.819Z] [1]   '--color-foreground': '#171827',
[2026-08-15T15:51:08.819Z] [1]   '--color-muted': '#85879A',
[2026-08-15T15:51:08.819Z] [1]   '--color-border': '#E7E8F0',
[2026-08-15T15:51:08.819Z] [1]   '--color-success': '#42D6B5',
[2026-08-15T15:51:08.819Z] [1]   '--color-warning': '#F59E0B',
[2026-08-15T15:51:08.819Z] [1]   '--color-error': '#EF4444'
[2026-08-15T15:51:08.819Z] [1] }
[2026-08-15T15:51:08.819Z] [1] Web node_modules/expo-router/entry.js ░░░░░░░░░░░░░░░░  0.0% (0/1)
[2026-08-15T15:51:08.820Z] [1] Web node_modules/expo-router/entry.js ░░░░░░░░░░░░░░░░  0.0% (0/1)
[2026-08-15T15:51:08.820Z] [1] Web node_modules/expo-router/entry.js ░░░░░░░░░░░░░░░░  0.0% (0/1)
[2026-08-15T15:51:08.820Z] [1] Web node_modules/expo-router/entry.js ░░░░░░░░░░░░░░░░  0.0% (0/1)
[2026-08-15T15:51:08.820Z] [1] Web node_modules/expo-router/entry.js ░░░░░░░░░░░░░░░░  0.0% (0/1)
[2026-08-15T15:51:08.820Z] [1] Web node_modules/expo-router/entry.js ░░░░░░░░░░░░░░░░  0.0% (0/1)
[2026-08-15T15:51:08.820Z] [1] Web node_modules/expo-router/entry.js ░░░░░░░░░░░░░░░░  0.0% (0/1)
[2026-08-15T15:51:08.820Z] [1] Web node_modules/expo-router/entry.js ░░░░░░░░░░░░░░░░  0.0% (0/1)
[2026-08-15T15:51:08.820Z] [1] Web node_modules/expo-router/entry.js ░░░░░░░░░░░░░░░░  0.0% (0/1)
[2026-08-15T15:51:08.820Z] [1] Web node_modules/expo-router/entry.js ░░░░░░░░░░░░░░░░  0.0% (0/1)
[2026-08-15T15:51:08.820Z] [1] Web node_modules/expo-router/entry.js ░░░░░░░░░░░░░░░░  0.0% (0/1)
[2026-08-15T15:51:08.820Z] [1] Web node_modules/expo-router/entry.js ░░░░░░░░░░░░░░░░  0.0% (0/1)
[2026-08-15T15:51:08.820Z] [1] Web node_modules/expo-router/entry.js ░░░░░░░░░░░░░░░░  0.0% (0/1)
[2026-08-15T15:51:08.820Z] [1] Web node_modules/expo-router/entry.js ░░░░░░░░░░░░░░░░  0.0% (0/1)
[2026-08-15T15:51:08.820Z] [1] Web node_modules/expo-router/entry.js ░░░░░░░░░░░░░░░░  0.0% (0/1)
[2026-08-15T15:51:08.820Z] [1] Web node_modules/expo-router/entry.js ░░░░░░░░░░░░░░░░  0.0% (0/1)
[2026-08-15T15:51:08.820Z] [1] Web node_modules/expo-router/entry.js ░░░░░░░░░░░░░░░░  0.0% (0/1)
[2026-08-15T15:51:08.829Z] [1] EXPO_USE_METRO_WORKSPACE_ROOT is enabled by default, use EXPO_NO_METRO_WORKSPACE_ROOT instead to disable.
[2026-08-15T15:51:08.837Z] [1] EXPO_USE_METRO_WORKSPACE_ROOT is enabled by default, use EXPO_NO_METRO_WORKSPACE_ROOT instead to disable.
[2026-08-15T15:51:08.945Z] [1] Error: Premature close
[2026-08-15T15:51:08.945Z] [1]     at onclose (node:internal/streams/end-of-stream:158:30)
[2026-08-15T15:51:08.945Z] [1]     at processTicksAndRejections (node:internal/process/task_queues:85:11)
[2026-08-15T15:51:09.084Z] [1] λ  WARN  props.pointerEvents is deprecated. Use style.pointerEvents
[2026-08-15T15:51:09.139Z] [1] λ Bundled 32ms node_modules/expo-router/node/render.js (1 module)
[2026-08-15T15:51:09.139Z] [1] λ  LOG  { colorScheme: 'light', setColorScheme: [Function (anonymous)] } {
[2026-08-15T15:51:09.139Z] [1]   '--color-primary': '#6D5DF5',
[2026-08-15T15:51:09.139Z] [1]   '--color-background': '#F6F7FB',
[2026-08-15T15:51:09.139Z] [1]   '--color-surface': '#FFFFFF',
[2026-08-15T15:51:09.139Z] [1]   '--color-foreground': '#171827',
[2026-08-15T15:51:09.139Z] [1]   '--color-muted': '#85879A',
[2026-08-15T15:51:09.139Z] [1]   '--color-border': '#E7E8F0',
[2026-08-15T15:51:09.139Z] [1]   '--color-success': '#42D6B5',
[2026-08-15T15:51:09.139Z] [1]   '--color-warning': '#F59E0B',
[2026-08-15T15:51:09.139Z] [1]   '--color-error': '#EF4444'
[2026-08-15T15:51:09.139Z] [1] }
[2026-08-15T15:51:09.139Z] [1] Web node_modules/expo-router/entry.js ░░░░░░░░░░░░░░░░  0.0% (0/1)
[2026-08-15T15:51:09.140Z] [1] Web node_modules/expo-router/entry.js ░░░░░░░░░░░░░░░░  0.0% (0/1)
[2026-08-15T15:51:09.140Z] [1] Web node_modules/expo-router/entry.js ░░░░░░░░░░░░░░░░  0.0% (0/1)
[2026-08-15T15:51:09.140Z] [1] Web node_modules/expo-router/entry.js ░░░░░░░░░░░░░░░░  0.0% (0/1)
[2026-08-15T15:51:09.140Z] [1] Web node_modules/expo-router/entry.js ░░░░░░░░░░░░░░░░  0.0% (0/1)
[2026-08-15T15:51:09.140Z] [1] Web node_modules/expo-router/entry.js ░░░░░░░░░░░░░░░░  0.0% (0/1)
[2026-08-15T15:51:09.140Z] [1] Web node_modules/expo-router/entry.js ░░░░░░░░░░░░░░░░  0.0% (0/1)
[2026-08-15T15:51:09.140Z] [1] Web node_modules/expo-router/entry.js ░░░░░░░░░░░░░░░░  0.0% (0/1)
[2026-08-15T15:51:09.140Z] [1] Web node_modules/expo-router/entry.js ░░░░░░░░░░░░░░░░  0.0% (0/1)
[2026-08-15T15:51:09.140Z] [1] Web node_modules/expo-router/entry.js ░░░░░░░░░░░░░░░░  0.0% (0/1)
[2026-08-15T15:51:09.140Z] [1] Web node_modules/expo-router/entry.js ░░░░░░░░░░░░░░░░  0.0% (0/1)
[2026-08-15T15:51:09.140Z] [1] Web node_modules/expo-router/entry.js ░░░░░░░░░░░░░░░░  0.0% (0/1)
[2026-08-15T15:51:09.140Z] [1] Web node_modules/expo-router/entry.js ░░░░░░░░░░░░░░░░  0.0% (0/1)
[2026-08-15T15:51:09.140Z] [1] Web node_modules/expo-router/entry.js ░░░░░░░░░░░░░░░░  0.0% (0/1)
[2026-08-15T15:51:09.140Z] [1] Web node_modules/expo-router/entry.js ░░░░░░░░░░░░░░░░  0.0% (0/1)
[2026-08-15T15:51:09.140Z] [1] Web node_modules/expo-router/entry.js ░░░░░░░░░░░░░░░░  0.0% (0/1)
[2026-08-15T15:51:09.140Z] [1] Web node_modules/expo-router/entry.js ░░░░░░░░░░░░░░░░  0.0% (0/1)
[2026-08-15T15:51:09.140Z] [1] Web node_modules/expo-router/entry.js ░░░░░░░░░░░░░░░░  0.0% (0/1)
[2026-08-15T15:51:09.183Z] [1] EXPO_USE_METRO_WORKSPACE_ROOT is enabled by default, use EXPO_NO_METRO_WORKSPACE_ROOT instead to disable.
[2026-08-15T15:51:09.185Z] [1] EXPO_USE_METRO_WORKSPACE_ROOT is enabled by default, use EXPO_NO_METRO_WORKSPACE_ROOT instead to disable.
[2026-08-15T15:51:09.455Z] [1] λ  WARN  props.pointerEvents is deprecated. Use style.pointerEvents
[2026-08-15T15:51:09.533Z] [1] λ Bundled 57ms node_modules/expo-router/node/render.js (1 module)
[2026-08-15T15:51:09.533Z] [1] λ  LOG  { colorScheme: 'light', setColorScheme: [Function (anonymous)] } {
[2026-08-15T15:51:09.533Z] [1]   '--color-primary': '#6D5DF5',
[2026-08-15T15:51:09.533Z] [1]   '--color-background': '#F6F7FB',
[2026-08-15T15:51:09.533Z] [1]   '--color-surface': '#FFFFFF',
[2026-08-15T15:51:09.533Z] [1]   '--color-foreground': '#171827',
[2026-08-15T15:51:09.533Z] [1]   '--color-muted': '#85879A',
[2026-08-15T15:51:09.533Z] [1]   '--color-border': '#E7E8F0',
[2026-08-15T15:51:09.533Z] [1]   '--color-success': '#42D6B5',
[2026-08-15T15:51:09.533Z] [1]   '--color-warning': '#F59E0B',
[2026-08-15T15:51:09.533Z] [1]   '--color-error': '#EF4444'
[2026-08-15T15:51:09.533Z] [1] }
[2026-08-15T15:51:09.533Z] [1] Web node_modules/expo-router/entry.js ░░░░░░░░░░░░░░░░  0.0% (0/1)
[2026-08-15T15:51:09.533Z] [1] Web node_modules/expo-router/entry.js ░░░░░░░░░░░░░░░░  0.0% (0/1)
[2026-08-15T15:51:09.533Z] [1] Web node_modules/expo-router/entry.js ░░░░░░░░░░░░░░░░  0.0% (0/1)
[2026-08-15T15:51:09.533Z] [1] Web node_modules/expo-router/entry.js ░░░░░░░░░░░░░░░░  0.0% (0/1)
[2026-08-15T15:51:09.533Z] [1] Web node_modules/expo-router/entry.js ░░░░░░░░░░░░░░░░  0.0% (0/1)
[2026-08-15T15:51:09.533Z] [1] Web node_modules/expo-router/entry.js ░░░░░░░░░░░░░░░░  0.0% (0/1)
[2026-08-15T15:51:09.533Z] [1] Web node_modules/expo-router/entry.js ░░░░░░░░░░░░░░░░  0.0% (0/1)
[2026-08-15T15:51:09.533Z] [1] Web node_modules/expo-router/entry.js ░░░░░░░░░░░░░░░░  0.0% (0/1)
[2026-08-15T15:51:09.533Z] [1] Web node_modules/expo-router/entry.js ░░░░░░░░░░░░░░░░  0.0% (0/1)
[2026-08-15T15:51:09.533Z] [1] Web node_modules/expo-router/entry.js ░░░░░░░░░░░░░░░░  0.0% (0/1)
[2026-08-15T15:51:09.533Z] [1] Web node_modules/expo-router/entry.js ░░░░░░░░░░░░░░░░  0.0% (0/1)
[2026-08-15T15:51:09.533Z] [1] Web node_modules/expo-router/entry.js ░░░░░░░░░░░░░░░░  0.0% (0/1)
[2026-08-15T15:51:09.533Z] [1] Web node_modules/expo-router/entry.js ░░░░░░░░░░░░░░░░  0.0% (0/1)
[2026-08-15T15:51:09.533Z] [1] Web node_modules/expo-router/entry.js ░░░░░░░░░░░░░░░░  0.0% (0/1)
[2026-08-15T15:51:09.533Z] [1] Web node_modules/expo-router/entry.js ░░░░░░░░░░░░░░░░  0.0% (0/1)
[2026-08-15T15:51:09.533Z] [1] Web node_modules/expo-router/entry.js ░░░░░░░░░░░░░░░░  0.0% (0/1)
[2026-08-15T15:51:09.533Z] [1] Web node_modules/expo-router/entry.js ░░░░░░░░░░░░░░░░  0.0% (0/1)
[2026-08-15T15:51:09.533Z] [1] Web node_modules/expo-router/entry.js ░░░░░░░░░░░░░░░░  0.0% (0/1)
[2026-08-15T15:51:09.533Z] [1] Web node_modules/expo-router/entry.js ░░░░░░░░░░░░░░░░  0.0% (0/1)
[2026-08-15T15:51:09.544Z] [1] EXPO_USE_METRO_WORKSPACE_ROOT is enabled by default, use EXPO_NO_METRO_WORKSPACE_ROOT instead to disable.
[2026-08-15T15:51:09.545Z] [1] EXPO_USE_METRO_WORKSPACE_ROOT is enabled by default, use EXPO_NO_METRO_WORKSPACE_ROOT instead to disable.
[2026-08-15T15:51:09.757Z] [1] λ Bundled 36ms node_modules/expo-router/node/render.js (1 module)
[2026-08-15T15:51:09.757Z] [1] Web Bundled 12361ms node_modules/expo-router/entry.js (1 module)
[2026-08-15T15:51:10.223Z] [1] λ  WARN  props.pointerEvents is deprecated. Use style.pointerEvents
[2026-08-15T15:51:10.370Z] [1] λ  WARN  props.pointerEvents is deprecated. Use style.pointerEvents
[2026-08-15T15:51:10.374Z] [1] Web Bundled 12389ms node_modules/expo-router/entry.js (1 module)
[2026-08-15T15:51:10.374Z] [1] Web Bundled 12419ms node_modules/expo-router/entry.js (1 module)
[2026-08-15T15:51:10.374Z] [1] Web Bundled 12448ms node_modules/expo-router/entry.js (1 module)
[2026-08-15T15:51:10.375Z] [1] Web Bundled 12475ms node_modules/expo-router/entry.js (1 module)
[2026-08-15T15:51:10.375Z] [1] Web Bundled 12500ms node_modules/expo-router/entry.js (1 module)
[2026-08-15T15:51:10.375Z] [1] Web Bundled 12526ms node_modules/expo-router/entry.js (1 module)
[2026-08-15T15:51:10.375Z] [1] Web Bundled 11543ms node_modules/expo-router/entry.js (1 module)
[2026-08-15T15:51:10.375Z] [1] Web Bundled 10419ms node_modules/expo-router/entry.js (1 module)
[2026-08-15T15:51:10.375Z] [1] Web Bundled 9613ms node_modules/expo-router/entry.js (1 module)
[2026-08-15T15:51:10.375Z] [1] Web Bundled 9579ms node_modules/expo-router/entry.js (1 module)
[2026-08-15T15:51:10.375Z] [1] λ  LOG  { colorScheme: 'light', setColorScheme: [Function (anonymous)] } {
[2026-08-15T15:51:10.375Z] [1]   '--color-primary': '#6D5DF5',
[2026-08-15T15:51:10.375Z] [1]   '--color-background': '#F6F7FB',
[2026-08-15T15:51:10.375Z] [1]   '--color-surface': '#FFFFFF',
[2026-08-15T15:51:10.375Z] [1]   '--color-foreground': '#171827',
[2026-08-15T15:51:10.375Z] [1]   '--color-muted': '#85879A',
[2026-08-15T15:51:10.375Z] [1]   '--color-border': '#E7E8F0',
[2026-08-15T15:51:10.375Z] [1]   '--color-success': '#42D6B5',
[2026-08-15T15:51:10.375Z] [1]   '--color-warning': '#F59E0B',
[2026-08-15T15:51:10.375Z] [1]   '--color-error': '#EF4444'
[2026-08-15T15:51:10.375Z] [1] }
[2026-08-15T15:51:10.375Z] [1] λ  LOG  { colorScheme: 'light', setColorScheme: [Function (anonymous)] } {
[2026-08-15T15:51:10.375Z] [1]   '--color-primary': '#6D5DF5',
[2026-08-15T15:51:10.375Z] [1]   '--color-background': '#F6F7FB',
[2026-08-15T15:51:10.375Z] [1]   '--color-surface': '#FFFFFF',
[2026-08-15T15:51:10.375Z] [1]   '--color-foreground': '#171827',
[2026-08-15T15:51:10.375Z] [1]   '--color-muted': '#85879A',
[2026-08-15T15:51:10.375Z] [1]   '--color-border': '#E7E8F0',
[2026-08-15T15:51:10.375Z] [1]   '--color-success': '#42D6B5',
[2026-08-15T15:51:10.375Z] [1]   '--color-warning': '#F59E0B',
[2026-08-15T15:51:10.375Z] [1]   '--color-error': '#EF4444'
[2026-08-15T15:51:10.375Z] [1] }
[2026-08-15T15:51:10.375Z] [1] Web node_modules/expo-router/entry.js ░░░░░░░░░░░░░░░░  0.0% (0/1)
[2026-08-15T15:51:10.375Z] [1] Web node_modules/expo-router/entry.js ░░░░░░░░░░░░░░░░  0.0% (0/1)
[2026-08-15T15:51:10.375Z] [1] Web node_modules/expo-router/entry.js ░░░░░░░░░░░░░░░░  0.0% (0/1)
[2026-08-15T15:51:10.375Z] [1] Web node_modules/expo-router/entry.js ░░░░░░░░░░░░░░░░  0.0% (0/1)
[2026-08-15T15:51:10.375Z] [1] Web node_modules/expo-router/entry.js ░░░░░░░░░░░░░░░░  0.0% (0/1)
[2026-08-15T15:51:10.375Z] [1] Web node_modules/expo-router/entry.js ░░░░░░░░░░░░░░░░  0.0% (0/1)
[2026-08-15T15:51:10.375Z] [1] Web node_modules/expo-router/entry.js ░░░░░░░░░░░░░░░░  0.0% (0/1)
[2026-08-15T15:51:10.375Z] [1] Web node_modules/expo-router/entry.js ░░░░░░░░░░░░░░░░  0.0% (0/1)
[2026-08-15T15:51:10.375Z] [1] Web node_modules/expo-router/entry.js ░░░░░░░░░░░░░░░░  0.0% (0/1)
[2026-08-15T15:51:10.514Z] [1] pnpm dev:metro exited with code 0
[2026-08-15T15:51:10.515Z] --> Sending SIGTERM to other processes..
[2026-08-15T15:51:10.579Z] [0]  ELIFECYCLE  Command failed.
[2026-08-15T15:51:10.611Z] [0] 3:51:10 PM [tsx] Previous process hasn't exited yet. Force killing...
[2026-08-15T15:51:10.621Z] [0] pnpm dev:server exited with code SIGTERM
[2026-08-15T15:51:10.627Z] ELIFECYCLE  Command failed with exit code 1.
[2026-08-15T15:51:10.660Z] Dev server exited with code 1
